orange -> [[54, 0, 0], [66, 22, 66], [81, -77, 66]] -> 1 (label=1)
blue -> [[46, 50, 28], [84, -50, -4], [50, 22, -17]] -> 1 (label=1)
pink -> [[49, 72, 14], [52, 6, 3], [39, 28, -50]] -> 0 (label=0)
pink -> [[47, 52, 0], [49, 4, -29], [86, -83, 75]] -> 0 (label=0)
green -> [[88, -39, 84], [76, -60, 29], [62, -18, -26]] -> 1 (label=1)
blue -> [[66, -18, -36], [73, -14, 56], [56, -13, 11]] -> 0 (label=0)
purple -> [[53, 1, -2], [47, 38, 21], [43, 50, -50]] -> 2 (label=2)
blue -> [[39, 33, -67], [75, -67, 51], [54, 87, -55]] -> 0 (label=0)
mauve -> [[54, -3, -2], [46, 44, 17], [89, -54, -2]] -> 1 (label=1)
gray -> [[61, -22, 0], [88, -46, -14], [50, 25, -10]] -> 0 (label=0)
pink -> [[56, 20, 37], [63, -27, -1], [50, 74, -18]] -> 2 (label=2)
red -> [[50, 75, 18], [58, 5, -58], [48, 31, -1]] -> 0 (label=0)
brown -> [[62, -8, 27], [53, 82, -12], [31, 71, -99]] -> 0 (label=0)
green -> [[52, 1, -4], [73, -47, 61], [61, -19, -15]] -> 1 (label=1)
purple -> [[40, 40, -79], [52, -3, -19], [46, 26, -29]] -> 2 (label=2)
blue -> [[82, -79, 77], [46, 9, -37], [59, -23, 6]] -> 1 (label=1)
gray -> [[54, -1, 1], [68, -37, 2], [50, 75, 27]] -> 0 (label=0)
yellow -> [[68, 19, 67], [87, -86, 83], [95, -24, 92]] -> 2 (label=2)
blue -> [[35, 52, -74], [76, -61, 30], [44, 17, -34]] -> 0 (label=0)
blue -> [[79, -27, 71], [58, -24, 17], [63, -7, -48]] -> 2 (label=2)
purple -> [[50, 65, -40], [83, -71, 78], [53, 80, 28]] -> 0 (label=0)
pink -> [[50, 18, -7], [60, -12, -36], [88, -19, 84]] -> 0 (label=0)
pink -> [[38, 32, -59], [50, 29, -19], [47, 53, -7]] -> 2 (label=2)
blue -> [[48, 25, 2], [64, -42, 25], [55, -9, -11]] -> 2 (label=2)
purple -> [[46, 86, -82], [69, -59, 50], [68, -30, -9]] -> 0 (label=0)
tan -> [[58, -2, 18], [46, 36, -34], [54, -1, 1]] -> 0 (label=0)
purple -> [[61, -30, 11], [46, 15, -27], [49, 48, -28]] -> 2 (label=1)
yellow -> [[66, -16, 40], [54, -2, 1], [65, -28, -5]] -> 0 (label=0)
blue -> [[49, 57, -34], [38, 40, -60], [46, 40, -37]] -> 1 (label=1)
gray -> [[82, -25, 75], [49, 17, 3], [50, 10, -12]] -> 2 (label=2)
blue -> [[62, -21, -6], [58, -6, 15], [53, 91, -70]] -> 0 (label=0)
blue -> [[77, -10, 70], [38, 33, -56], [42, 63, -61]] -> 1 (label=1)
purple -> [[81, -22, 73], [37, 35, -60], [64, 6, 48]] -> 1 (label=1)
purple -> [[45, 28, -34], [48, 30, 0], [59, -25, 22]] -> 0 (label=0)
neon -> [[59, -12, -32], [55, 89, -45], [83, -56, 7]] -> 1 (label=1)
blue -> [[63, -20, -24], [54, 85, -37], [49, 8, -15]] -> 0 (label=0)
yellow -> [[80, -14, 73], [67, -32, 44], [63, -9, 31]] -> 0 (label=0)
purple -> [[78, -34, -24], [52, 89, -69], [59, 23, 49]] -> 1 (label=1)
brown -> [[75, -65, 44], [60, -1, 27], [47, 43, 0]] -> 1 (label=1)
yellow -> [[88, -80, 58], [84, -71, 39], [87, -41, 83]] -> 2 (label=2)
yellow -> [[87, -13, 84], [69, -24, 48], [81, -18, 73]] -> 0 (label=0)
teal -> [[72, -42, 1], [31, 67, -96], [50, 23, -18]] -> 2 (label=0)
pink -> [[65, -47, 42], [46, 43, 9], [54, -2, 1]] -> 1 (label=1)
purple -> [[34, 48, -76], [49, 50, -26], [72, -45, 58]] -> 1 (label=1)
pink -> [[72, -37, 56], [48, 53, -24], [40, 33, -50]] -> 1 (label=1)
gray -> [[48, 38, -11], [39, 44, -81], [56, -10, -12]] -> 2 (label=2)
purple -> [[34, 49, -79], [62, -20, -20], [41, 49, -56]] -> 2 (label=2)
purple -> [[44, 26, -36], [52, 13, -9], [43, 16, -34]] -> 0 (label=0)
pink -> [[47, 51, -1], [32, 56, -85], [50, 5, -43]] -> 0 (label=0)
brown -> [[56, 89, -34], [57, 14, 35], [39, 36, -53]] -> 1 (label=1)
yellow -> [[69, -52, 53], [83, -26, 77], [40, 45, -84]] -> 1 (label=1)
purple -> [[88, -11, 87], [57, -5, 11], [48, 28, -26]] -> 2 (label=2)
drab -> [[60, -24, 5], [37, 69, -82], [55, -4, -2]] -> 1 (label=2)
purple -> [[67, -53, 49], [32, 75, -101], [36, 57, -75]] -> 1 (label=2)
turquoise -> [[66, -36, 8], [66, -27, -9], [61, -34, 21]] -> 0 (label=1)
blue -> [[51, 75, -37], [55, -9, 6], [35, 49, -82]] -> 2 (label=2)
sky -> [[78, -44, -5], [46, 11, -29], [87, -73, 40]] -> 1 (label=0)
pink -> [[66, -23, 41], [47, 56, -11], [47, 14, -22]] -> 1 (label=1)
purple -> [[49, 23, 3], [48, 22, -23], [47, 58, -6]] -> 1 (label=1)
purple -> [[68, -24, -27], [58, -9, 16], [48, 28, -1]] -> 2 (label=2)
pink -> [[63, -37, 20], [51, 78, -28], [47, 78, -64]] -> 1 (label=1)
blue -> [[43, 16, -43], [81, -34, 74], [53, 4, -3]] -> 0 (label=0)
olive -> [[49, 22, 1], [62, -23, 29], [76, -62, 68]] -> 0 (label=1)
gray -> [[55, -5, -1], [47, 36, -82], [55, 86, -36]] -> 0 (label=0)
blue -> [[78, -73, 61], [80, -50, 1], [46, 59, -48]] -> 1 (label=1)
green -> [[63, -41, 26], [47, 62, 27], [70, -32, -14]] -> 0 (label=0)
green -> [[55, -5, 7], [64, -13, 34], [49, 72, 45]] -> 1 (label=1)
orange -> [[54, 42, 47], [80, -34, -26], [49, 73, 47]] -> 0 (label=0)
gray -> [[74, -20, 59], [80, -71, 50], [55, -7, -4]] -> 2 (label=2)
blue -> [[46, 15, -25], [54, -6, -10], [42, 47, -53]] -> 2 (label=1)
gold -> [[51, 17, -66], [69, -4, 55], [77, -66, 41]] -> 2 (label=1)
green -> [[64, -16, 33], [53, 0, -2], [69, -52, 30]] -> 2 (label=2)
orange -> [[61, 33, 59], [48, 52, 37], [62, -23, -4]] -> 0 (label=0)
pink -> [[47, 14, -23], [47, 54, -5], [54, 55, 57]] -> 1 (label=1)
blue -> [[82, -16, 76], [35, 70, -102], [81, -71, 44]] -> 1 (label=1)
pink -> [[65, -11, 37], [47, 51, 4], [86, -6, 85]] -> 1 (label=1)
orange -> [[54, 42, 49], [77, -61, 69], [49, 3, -27]] -> 0 (label=0)
green -> [[60, -25, 26], [55, -7, 7], [61, -37, 31]] -> 2 (label=2)
gray -> [[64, -37, 13], [33, 69, -99], [60, -20, 0]] -> 2 (label=2)
orange -> [[50, 27, -76], [48, 31, 0], [55, 72, 67]] -> 2 (label=2)
magenta -> [[44, 52, -50], [37, 78, -94], [42, 23, -58]] -> 1 (label=0)
blue -> [[34, 56, -89], [86, -58, 9], [49, 31, -14]] -> 0 (label=0)
gray -> [[53, -5, -29], [57, 9, -62], [51, 1, -12]] -> 2 (label=2)
seagreen -> [[63, -40, 26], [64, -20, 34], [72, -52, 21]] -> 2 (label=2)
tan -> [[68, -23, -30], [59, -6, 18], [49, 8, -48]] -> 1 (label=1)
brown -> [[56, -7, 10], [64, -21, 35], [62, 2, 37]] -> 0 (label=2)
gray -> [[55, -5, 0], [80, -59, 19], [75, -34, -19]] -> 0 (label=0)
purple -> [[40, 31, -66], [81, -52, 75], [48, 47, -17]] -> 2 (label=2)
brown -> [[43, 74, -70], [60, 9, 38], [59, -3, -49]] -> 1 (label=1)
gray -> [[58, -18, 7], [61, -19, -8], [53, 0, -1]] -> 2 (label=2)
blue -> [[72, -24, -32], [57, -15, 8], [82, -67, 77]] -> 0 (label=0)
blue -> [[45, 13, -27], [60, -3, -50], [67, -34, 45]] -> 1 (label=1)
pink -> [[52, 1, -10], [54, 82, 31], [35, 43, -72]] -> 1 (label=1)
gray -> [[39, 28, -50], [54, -2, 2], [47, 45, -6]] -> 1 (label=1)
gray -> [[39, 68, -76], [71, -47, 13], [54, 0, 2]] -> 2 (label=2)
blue -> [[62, 8, 43], [64, -28, -1], [34, 53, -84]] -> 2 (label=2)
orange -> [[52, 46, 46], [52, 9, -4], [59, -18, -2]] -> 0 (label=0)
clay -> [[60, -26, 10], [47, 59, 18], [63, 39, 66]] -> 1 (label=0)
blue -> [[53, 4, 8], [31, 68, -95], [86, -78, 56]] -> 1 (label=1)
khaki -> [[37, 39, -72], [68, -24, 47], [54, 63, 61]] -> 1 (label=1)
orange -> [[57, 12, -66], [59, 17, 44], [70, -6, 55]] -> 1 (label=1)
gray -> [[47, 60, -1], [54, -2, 0], [73, -14, 56]] -> 1 (label=1)
teal -> [[62, -15, -34], [84, -76, 79], [67, -32, -4]] -> 2 (label=2)
purple -> [[91, -37, 88], [52, 15, 17], [48, 22, 8]] -> 2 (label=2)
blue -> [[55, 60, 61], [33, 75, -99], [48, 55, -40]] -> 1 (label=1)
pink -> [[56, -5, 8], [54, 10, 18], [54, 0, 0]] -> 1 (label=1)
green -> [[45, 17, -31], [65, -33, 40], [70, 9, 67]] -> 1 (label=1)
purple -> [[46, 69, -55], [40, 80, -90], [37, 54, -69]] -> 1 (label=0)
orange -> [[66, -37, 8], [78, 11, 80], [33, 77, -104]] -> 1 (label=1)
blue -> [[73, -62, 61], [43, 68, -64], [49, 71, 4]] -> 1 (label=1)
teal -> [[70, -21, 51], [50, 74, 59], [74, -34, -18]] -> 2 (label=2)
yellow -> [[60, -9, 21], [48, 24, 11], [91, -51, 88]] -> 2 (label=2)
blue -> [[66, -30, -6], [81, -63, 76], [50, 69, -36]] -> 0 (label=0)
blue -> [[50, 19, -6], [74, -69, 64], [63, -13, -39]] -> 2 (label=2)
blue -> [[58, -12, -4], [75, -61, 34], [37, 60, -73]] -> 2 (label=2)
blue -> [[50, 7, -13], [60, -5, 24], [33, 52, -82]] -> 2 (label=2)
green -> [[61, 13, 45], [41, 23, -43], [76, -61, 31]] -> 2 (label=2)
brown -> [[54, 0, 0], [81, -22, 73], [53, 48, 48]] -> 2 (label=2)
red -> [[49, 10, -16], [47, 56, 38], [68, -54, 41]] -> 1 (label=1)
blue -> [[49, 20, -20], [68, -21, -33], [54, 34, 42]] -> 1 (label=1)
yellow -> [[63, -6, 33], [54, -7, -20], [94, -24, 91]] -> 2 (label=2)
green -> [[48, 58, 42], [69, -38, 50], [44, 15, -31]] -> 1 (label=1)
orange -> [[47, 54, -1], [51, 65, 55], [58, -2, 19]] -> 1 (label=1)
orange -> [[60, 8, 37], [58, -10, 16], [66, -7, 41]] -> 0 (label=0)
green -> [[76, -66, 68], [53, -5, -24], [64, -7, 34]] -> 0 (label=0)
green -> [[75, -21, 62], [63, -12, 30], [69, -45, 50]] -> 2 (label=2)
purple -> [[49, 68, -21], [60, -1, 27], [44, 66, -59]] -> 2 (label=2)
green -> [[80, -31, 73], [51, 19, -12], [71, -10, 55]] -> 0 (label=0)
pink -> [[55, 93, -67], [62, -31, 13], [53, 81, 17]] -> 0 (label=0)
yellow -> [[50, 15, -1], [72, -41, 57], [72, -6, 61]] -> 2 (label=2)
gray -> [[51, 2, -13], [33, 70, -100], [79, -44, -6]] -> 0 (label=0)
purple -> [[48, 30, 0], [48, 49, -21], [56, 43, 54]] -> 1 (label=1)
yellow -> [[87, -68, 27], [49, 17, -19], [87, -56, 83]] -> 2 (label=2)
brown -> [[47, 36, 0], [51, 15, -12], [51, 9, 4]] -> 2 (label=2)
brown -> [[93, -29, 90], [61, -6, 25], [44, 41, -42]] -> 1 (label=1)
blue -> [[79, -72, 72], [58, 4, 28], [65, -26, -10]] -> 2 (label=2)
green -> [[83, -77, 61], [51, 7, -10], [35, 62, -81]] -> 0 (label=0)
teal -> [[50, 69, -39], [49, 3, -25], [66, -35, 4]] -> 1 (label=2)
green -> [[53, 82, -49], [56, 15, 32], [77, -74, 69]] -> 2 (label=2)
purple -> [[53, -5, -29], [71, -50, 19], [52, 9, -6]] -> 2 (label=2)
green -> [[74, -57, 27], [54, 0, 0], [56, 91, -56]] -> 0 (label=0)
purple -> [[54, -5, -5], [54, 73, 66], [48, 55, -39]] -> 2 (label=2)
pink -> [[51, 75, -38], [53, 0, -1], [88, -65, 20]] -> 0 (label=0)
green -> [[39, 75, -83], [50, 22, -11], [69, -56, 42]] -> 2 (label=2)
purple -> [[44, 76, -69], [36, 73, -89], [41, 46, -86]] -> 0 (label=0)
pink -> [[47, 51, -1], [74, -11, 62], [45, 13, -33]] -> 0 (label=0)
gray -> [[78, -69, 47], [50, 18, 10], [57, -14, 13]] -> 1 (label=2)
yellow -> [[47, 8, -24], [74, -30, 61], [47, 54, 5]] -> 1 (label=1)
yellow -> [[70, -15, 48], [39, 63, -71], [54, -2, 2]] -> 0 (label=0)
gray -> [[61, -18, 27], [49, 71, -22], [46, 29, -30]] -> 0 (label=2)
blue -> [[46, 51, 25], [88, -48, -12], [54, 0, 0]] -> 1 (label=1)
yellow -> [[52, 69, 61], [72, -13, 53], [49, 3, -26]] -> 1 (label=1)
pink -> [[83, -56, 78], [53, 80, 15], [47, 20, -65]] -> 1 (label=1)
green -> [[68, -33, 48], [45, 32, -37], [50, 16, 8]] -> 0 (label=0)
red -> [[49, 78, -59], [68, -47, 50], [52, 78, 15]] -> 2 (label=2)
gray -> [[50, 84, -65], [50, 9, -12], [55, 24, 35]] -> 1 (label=1)
purple -> [[54, 84, -9], [49, 49, -24], [56, -11, -16]] -> 1 (label=1)
yellow -> [[49, 19, 4], [41, 60, -62], [67, 3, 53]] -> 2 (label=2)
green -> [[55, 87, -52], [80, -78, 73], [50, 21, -10]] -> 1 (label=1)
blue -> [[44, 30, -72], [56, -16, 12], [52, 79, 54]] -> 0 (label=0)
gray -> [[70, -30, 53], [42, 82, -87], [53, 3, -1]] -> 2 (label=2)
olive -> [[77, -70, 69], [59, -21, 20], [50, 14, 3]] -> 2 (label=1)
blue -> [[49, 3, -27], [75, -71, 67], [57, 7, -60]] -> 2 (label=2)
yellow -> [[90, -43, 86], [50, 73, 58], [55, 3, 14]] -> 0 (label=0)
gray -> [[63, -30, 35], [55, -9, 7], [60, -29, 18]] -> 1 (label=1)
purple -> [[60, -28, 16], [54, -3, 2], [50, 27, 21]] -> 1 (label=1)
blue -> [[36, 53, -86], [46, 47, 12], [54, -2, 4]] -> 0 (label=0)
red -> [[47, 66, 29], [33, 55, -81], [61, -25, 4]] -> 0 (label=0)
green -> [[54, 0, 0], [78, -73, 70], [41, 25, -59]] -> 1 (label=1)
purple -> [[49, 31, -24], [57, 62, 66], [76, -31, -26]] -> 0 (label=0)
green -> [[46, 37, -35], [70, -43, 54], [56, -2, 10]] -> 1 (label=1)
green -> [[50, 19, -2], [89, -58, 85], [83, -79, 68]] -> 2 (label=2)
mauve -> [[88, -13, 86], [47, 49, 2], [65, -30, -2]] -> 0 (label=1)
red -> [[47, 64, 39], [49, 47, -24], [78, -8, 72]] -> 0 (label=0)
pink -> [[64, -33, 36], [53, 82, 2], [47, 10, -43]] -> 1 (label=1)
blue -> [[78, -62, 70], [52, -2, -32], [47, 63, 5]] -> 1 (label=1)
blue -> [[39, 50, -61], [32, 75, -104], [43, 38, -44]] -> 1 (label=1)
blue -> [[83, -6, 82], [47, 42, 3], [33, 72, -95]] -> 2 (label=2)
yellow -> [[51, 77, 57], [88, -27, 84], [50, 26, -74]] -> 1 (label=1)
green -> [[83, -71, 78], [89, -57, 4], [59, 12, 39]] -> 0 (label=0)
teal -> [[83, -77, 61], [87, -81, 83], [86, -73, 40]] -> 2 (label=2)
gray -> [[65, -34, 6], [79, -72, 52], [53, 0, -2]] -> 2 (label=2)
yellow -> [[68, -9, 45], [52, 8, -6], [61, -20, 28]] -> 0 (label=0)
blue -> [[33, 51, -79], [37, 59, -72], [44, 15, -32]] -> 0 (label=0)
yellow -> [[91, -27, 88], [54, -5, -9], [55, 88, -46]] -> 0 (label=0)
yellow -> [[48, 45, -33], [67, -51, 34], [90, -67, 86]] -> 2 (label=2)
purple -> [[85, -68, 81], [57, 12, 32], [49, 13, -17]] -> 2 (label=2)
red -> [[67, -54, 42], [46, 57, 35], [53, 2, 1]] -> 1 (label=1)
pink -> [[60, -16, 24], [62, -11, -42], [50, 74, 25]] -> 2 (label=2)
purple -> [[63, 27, 60], [36, 79, -98], [77, -60, 27]] -> 1 (label=1)
gray -> [[68, -28, 46], [32, 72, -98], [61, -8, 23]] -> 2 (label=2)
green -> [[52, 0, -10], [71, -61, 47], [55, 40, 49]] -> 1 (label=1)
orange -> [[52, 7, 0], [48, 68, 28], [53, 61, 59]] -> 2 (label=2)
pink -> [[47, 63, 17], [47, 27, -27], [73, 24, 76]] -> 0 (label=0)
purple -> [[77, 16, 80], [33, 71, -95], [45, 85, -84]] -> 2 (label=2)
green -> [[57, 31, 48], [34, 55, -86], [82, -80, 75]] -> 2 (label=2)
green -> [[52, 0, -35], [51, 33, 31], [76, -72, 62]] -> 2 (label=2)
blue -> [[63, -34, 35], [86, -84, 77], [51, 0, -20]] -> 2 (label=2)
blue -> [[54, 5, -53], [59, -28, 22], [49, 18, 6]] -> 0 (label=0)
green -> [[57, -8, -37], [50, 6, -12], [75, -63, 65]] -> 2 (label=2)
purple -> [[49, 56, -39], [86, -52, -2], [53, 23, 28]] -> 0 (label=0)
green -> [[62, -25, 31], [34, 62, -83], [57, 90, -32]] -> 0 (label=0)
blue -> [[55, -8, -21], [52, -1, -8], [49, 30, -13]] -> 0 (label=0)
purple -> [[65, -42, 24], [36, 79, -99], [83, -81, 77]] -> 1 (label=1)
orange -> [[46, 22, -27], [52, 44, 44], [50, 74, 23]] -> 1 (label=1)
blue -> [[55, -1, 6], [48, 28, -74], [79, -13, 71]] -> 1 (label=1)
blue -> [[62, 20, 53], [41, 24, -53], [49, 38, -22]] -> 1 (label=1)
gray -> [[68, 0, 56], [54, -1, 1], [40, 66, -71]] -> 1 (label=1)
gray -> [[48, 51, -38], [45, 19, -29], [51, 18, -9]] -> 2 (label=2)
blue -> [[77, -70, 56], [35, 76, -97], [63, 7, 46]] -> 1 (label=1)
blue -> [[44, 38, -80], [42, 56, -57], [67, -21, 42]] -> 0 (label=0)
green -> [[61, -20, -12], [70, -60, 56], [72, -27, 57]] -> 1 (label=1)
aqua -> [[83, -66, 29], [41, 23, -48], [54, 0, 0]] -> 0 (label=0)
pink -> [[62, -5, 30], [57, -10, -31], [50, 87, -73]] -> 2 (label=2)
green -> [[60, -30, 16], [50, 17, -6], [54, 84, -32]] -> 0 (label=0)
gray -> [[48, 79, -62], [50, 75, 7], [52, 3, -3]] -> 2 (label=2)
green -> [[83, -73, 48], [40, 60, -67], [47, 30, 8]] -> 0 (label=0)
green -> [[66, -47, 28], [66, -12, 39], [54, -2, 2]] -> 0 (label=0)
purple -> [[48, 12, -20], [56, 93, -63], [38, 60, -96]] -> 1 (label=1)
blue -> [[63, -22, -11], [57, 51, 61], [60, -31, 22]] -> 0 (label=0)
green -> [[64, -46, 34], [44, 20, -58], [49, 58, -25]] -> 0 (label=0)
green -> [[53, 2, 0], [59, -10, 17], [72, 19, 73]] -> 1 (label=1)
green -> [[52, 71, 60], [52, 4, 2], [79, -75, 73]] -> 2 (label=2)
pink -> [[77, 0, 74], [78, -41, -10], [48, 52, -21]] -> 2 (label=2)
blue -> [[69, -30, -14], [87, -56, 83], [58, -18, 4]] -> 0 (label=0)
red -> [[80, -44, 73], [49, 63, 48], [48, 80, -66]] -> 1 (label=1)
blue -> [[54, 68, 63], [56, -10, -12], [92, -25, 88]] -> 1 (label=1)
brown -> [[64, -13, 34], [44, 59, -55], [82, -68, 35]] -> 0 (label=0)
blue -> [[45, 67, -58], [39, 27, -51], [42, 78, -81]] -> 1 (label=1)
blue -> [[49, 4, -24], [47, 64, 38], [34, 79, -104]] -> 2 (label=2)
purple -> [[34, 48, -78], [51, 76, 55], [46, 83, -76]] -> 2 (label=2)
gray -> [[53, 2, 1], [83, -70, 78], [56, 89, -42]] -> 0 (label=0)
blue -> [[64, -28, 36], [32, 62, -89], [48, 64, -18]] -> 1 (label=1)
yellow -> [[87, -23, 82], [85, -69, 80], [50, 29, 22]] -> 0 (label=0)
orange -> [[74, -40, 61], [54, 84, -20], [57, 68, 69]] -> 2 (label=2)
pink -> [[53, 83, -18], [52, 80, 20], [35, 46, -78]] -> 0 (label=0)
red -> [[61, -26, 28], [48, 68, 31], [54, 27, 35]] -> 1 (label=1)
purple -> [[51, 76, 36], [42, 81, -87], [48, 7, -17]] -> 1 (label=1)
purple -> [[54, -1, 3], [51, 78, -29], [48, 75, -57]] -> 2 (label=2)
red -> [[51, 76, 40], [48, 84, -72], [73, -10, 60]] -> 0 (label=0)
purple -> [[50, 21, -5], [60, 9, 40], [51, 8, 4]] -> 0 (label=0)
green -> [[41, 54, -59], [85, -63, 81], [60, 60, 70]] -> 1 (label=1)
gray -> [[73, 1, 68], [46, 11, -39], [53, 2, -2]] -> 2 (label=2)
purple -> [[53, 6, 8], [40, 39, -53], [83, -71, 40]] -> 1 (label=1)
gray -> [[63, -14, 32], [67, -51, 47], [66, -27, 42]] -> 0 (label=0)
gray -> [[58, -13, -1], [55, -4, -2], [83, -68, 78]] -> 1 (label=1)
purple -> [[38, 44, -80], [47, 29, 9], [38, 72, -82]] -> 2 (label=2)
gray -> [[57, -4, -44], [55, 12, -63], [48, 7, -22]] -> 2 (label=2)
grass -> [[50, 9, -53], [50, 27, -16], [64, -45, 34]] -> 2 (label=2)
pink -> [[49, 71, -15], [57, -10, -29], [34, 70, -101]] -> 0 (label=0)
purple -> [[64, 43, 70], [39, 74, -82], [62, -33, 32]] -> 1 (label=1)
blue -> [[47, 14, -22], [87, -46, -13], [54, 8, -58]] -> 2 (label=2)
yellow -> [[48, 52, -12], [82, -43, 76], [79, -59, 72]] -> 1 (label=1)
blue -> [[53, -5, -20], [39, 38, -54], [50, 34, 28]] -> 1 (label=0)
green -> [[47, 63, 9], [77, -32, -26], [87, -68, 27]] -> 2 (label=2)
green -> [[62, 30, 61], [84, -82, 79], [49, 11, -17]] -> 1 (label=1)
pink -> [[58, 7, -61], [51, 76, 39], [48, 69, 13]] -> 2 (label=2)
orange -> [[43, 59, -58], [48, 27, 5], [52, 59, 55]] -> 2 (label=2)
khaki -> [[55, 0, 9], [36, 50, -84], [55, 64, 63]] -> 0 (label=0)
gray -> [[61, -33, 29], [47, 45, -36], [54, -2, 1]] -> 2 (label=2)
pink -> [[51, 77, -40], [86, -83, 76], [55, -7, -11]] -> 0 (label=0)
aqua -> [[49, 42, -23], [84, -69, 35], [83, -39, -21]] -> 1 (label=2)
green -> [[62, -34, 32], [55, -6, 1], [48, 29, -75]] -> 0 (label=0)
yellow -> [[73, -12, 58], [70, -45, 54], [53, 4, 6]] -> 0 (label=0)
purple -> [[86, -79, 57], [64, 48, 71], [48, 58, -14]] -> 2 (label=2)
brown -> [[91, -35, 88], [48, 31, 19], [62, -42, 34]] -> 1 (label=1)
green -> [[70, -31, 52], [33, 55, -84], [47, 52, 35]] -> 0 (label=0)
orange -> [[59, 17, 44], [57, 94, -61], [54, 8, 16]] -> 0 (label=0)
blue -> [[44, 14, -35], [52, 8, -6], [78, -70, 48]] -> 0 (label=0)
blue -> [[85, -68, 81], [51, 21, -69], [48, 30, 6]] -> 1 (label=1)
yellow -> [[57, -12, -10], [52, 31, 32], [63, 1, 41]] -> 2 (label=2)
blue -> [[69, -24, -30], [52, 7, 6], [73, -35, 59]] -> 0 (label=0)
red -> [[85, -76, 81], [51, 60, 53], [76, 12, 77]] -> 1 (label=1)
purple -> [[50, 74, -26], [45, 86, -85], [76, -45, -1]] -> 1 (label=1)
orange -> [[47, 66, 32], [58, 44, 59], [78, -35, -22]] -> 1 (label=1)
turquoise -> [[54, -5, -30], [88, -45, 84], [51, 77, 7]] -> 0 (label=0)
green -> [[50, 76, -52], [51, 13, 0], [71, -63, 55]] -> 2 (label=2)
pink -> [[47, 43, 1], [71, -53, 26], [51, 22, 20]] -> 0 (label=0)
purple -> [[45, 36, -38], [71, -43, 4], [47, 38, 19]] -> 0 (label=0)
blue -> [[52, 7, -1], [41, 41, -82], [72, -15, 54]] -> 1 (label=1)
gray -> [[89, -17, 86], [54, -1, 3], [47, 60, -47]] -> 1 (label=1)
purple -> [[63, -24, 33], [45, 13, -33], [54, 81, 35]] -> 1 (label=1)
teal -> [[52, 80, -47], [75, -45, 0], [74, -66, 64]] -> 1 (label=1)
gray -> [[61, -36, 25], [34, 47, -75], [59, -7, 17]] -> 2 (label=2)
purple -> [[41, 29, -65], [69, -49, 23], [48, 7, -25]] -> 0 (label=2)
pink -> [[59, 20, 47], [48, 28, 7], [62, -28, 6]] -> 1 (label=1)
turquoise -> [[71, -31, -18], [35, 51, -72], [57, 45, 57]] -> 0 (label=0)
gray -> [[52, -1, -15], [61, 40, 63], [54, -5, -29]] -> 0 (label=0)
green -> [[53, 49, 50], [82, -70, 42], [50, 4, -14]] -> 1 (label=1)
green -> [[62, -39, 27], [73, -38, -7], [51, 24, 22]] -> 0 (label=0)
yellow -> [[53, 2, 1], [88, -32, 85], [45, 18, -30]] -> 1 (label=1)
orange -> [[51, 20, 18], [71, -34, -11], [51, 40, 38]] -> 2 (label=2)
gray -> [[78, -51, 70], [37, 40, -73], [55, -6, 0]] -> 2 (label=2)
green -> [[57, -10, -30], [50, 7, -12], [82, -76, 59]] -> 2 (label=2)
brown -> [[64, -46, 34], [59, -7, 18], [62, -24, -2]] -> 1 (label=1)
red -> [[72, -34, 56], [42, 73, -74], [47, 62, 10]] -> 2 (label=2)
blue -> [[38, 33, -55], [53, 83, -30], [75, -46, 64]] -> 0 (label=0)
gray -> [[56, -13, 9], [63, -30, 4], [57, -13, 2]] -> 2 (label=2)
purple -> [[60, 5, 33], [37, 38, -62], [66, -30, -5]] -> 1 (label=1)
green -> [[65, -6, 41], [62, -28, 31], [41, 24, -43]] -> 1 (label=1)
orange -> [[59, -23, 8], [49, 51, -35], [52, 61, 56]] -> 2 (label=2)
green -> [[66, -46, 25], [50, 2, -18], [57, 69, 68]] -> 0 (label=0)
caca -> [[63, -3, 38], [57, 49, 59], [48, 28, -1]] -> 1 (label=0)
gray -> [[64, 47, 71], [80, -59, 19], [54, 0, 1]] -> 2 (label=2)
pink -> [[63, -44, 35], [49, 46, -27], [50, 75, -4]] -> 2 (label=2)
green -> [[57, -8, 12], [67, -55, 48], [76, -2, 72]] -> 1 (label=1)
blue -> [[74, -42, 63], [51, 77, -39], [41, 42, -82]] -> 2 (label=2)
gray -> [[65, 19, 60], [54, 1, 6], [67, -27, -18]] -> 1 (label=1)
blue -> [[54, -3, 0], [53, 3, -2], [54, -5, -12]] -> 2 (label=2)
blue -> [[54, 0, 3], [54, -7, -27], [68, 3, 56]] -> 1 (label=1)
green -> [[31, 72, -100], [72, -32, 57], [53, 2, -2]] -> 1 (label=1)
gray -> [[67, 39, 73], [52, 2, -7], [44, 79, -74]] -> 1 (label=1)
yellow -> [[81, 0, 80], [40, 25, -48], [80, -28, 71]] -> 0 (label=0)
purple -> [[33, 55, -79], [68, -24, -28], [39, 76, -85]] -> 2 (label=2)
orange -> [[56, 34, 47], [42, 84, -90], [51, 0, -24]] -> 0 (label=0)
green -> [[60, -17, 24], [63, -39, 37], [57, -7, 11]] -> 1 (label=1)
red -> [[46, 44, 19], [75, -54, 17], [46, 16, -26]] -> 0 (label=0)
pink -> [[60, 2, 33], [39, 32, -63], [53, 81, 3]] -> 2 (label=2)
gray -> [[65, -26, -8], [35, 66, -84], [53, 2, -1]] -> 2 (label=2)
yellow -> [[31, 65, -92], [50, 6, -12], [85, -35, 81]] -> 2 (label=2)
pink -> [[47, 36, 13], [77, -73, 66], [33, 67, -99]] -> 0 (label=0)
yellow -> [[44, 43, -45], [83, -39, -20], [78, -12, 70]] -> 2 (label=2)
green -> [[54, -6, -10], [76, -60, 28], [66, -32, -3]] -> 1 (label=1)
gray -> [[56, 58, 62], [32, 76, -104], [51, 10, -10]] -> 2 (label=2)
blue -> [[75, -7, 66], [40, 43, -82], [58, -4, 17]] -> 1 (label=1)
brown -> [[50, 15, 3], [72, -47, 58], [36, 48, -81]] -> 0 (label=0)
gray -> [[62, -31, 13], [58, -23, 19], [55, -6, 5]] -> 2 (label=2)
green -> [[57, -8, -38], [49, 60, 46], [75, -50, 64]] -> 2 (label=2)
blue -> [[64, -30, 0], [61, -37, 30], [62, -19, 30]] -> 0 (label=0)
gray -> [[89, -21, 86], [51, 10, -1], [85, -80, 80]] -> 1 (label=1)
yellow -> [[49, 18, -20], [76, -20, 63], [50, 22, 15]] -> 1 (label=1)
gray -> [[51, 16, -8], [54, 0, 0], [50, 14, -14]] -> 1 (label=1)
orange -> [[68, -3, 52], [77, -41, 67], [53, 2, 2]] -> 0 (label=0)
blue -> [[42, 56, -59], [83, -59, 78], [34, 47, -73]] -> 2 (label=2)
purple -> [[47, 41, 9], [47, 15, -56], [46, 47, -40]] -> 2 (label=2)
green -> [[56, 17, 32], [57, -8, 12], [47, 59, 6]] -> 1 (label=1)
blue -> [[83, -76, 57], [52, 1, -42], [52, 1, -6]] -> 1 (label=1)
pink -> [[54, -4, 2], [91, -50, -10], [47, 53, -10]] -> 2 (label=2)
yellow -> [[52, 0, -11], [69, -33, -8], [89, -54, 85]] -> 2 (label=2)
gray -> [[57, -14, 2], [54, 1, 4], [67, 13, 63]] -> 1 (label=1)
gray -> [[59, -21, 6], [58, -4, 16], [54, -3, 3]] -> 2 (label=2)
blue -> [[58, -9, 16], [47, 24, -69], [52, 5, -5]] -> 1 (label=1)
red -> [[47, 29, 11], [75, -54, 18], [47, 67, 47]] -> 2 (label=2)
gray -> [[50, 16, -16], [52, 2, -6], [57, 7, -60]] -> 1 (label=1)
gray -> [[72, -29, 57], [51, 12, -6], [49, 47, -32]] -> 1 (label=1)
blue -> [[57, 60, 66], [63, -6, 33], [46, 15, -51]] -> 2 (label=2)
gray -> [[56, 28, 42], [52, 79, 13], [54, -2, -1]] -> 2 (label=2)
red -> [[52, 78, 50], [50, 74, 5], [48, 43, 28]] -> 0 (label=0)
tan -> [[52, 6, 6], [48, 33, 19], [84, -46, -10]] -> 1 (label=0)
pink -> [[74, -68, 61], [47, 57, -44], [51, 76, -18]] -> 2 (label=2)
blue -> [[44, 33, -76], [51, 10, 7], [54, 86, -52]] -> 0 (label=0)
gray -> [[51, -1, -26], [66, -17, 38], [52, 8, -6]] -> 2 (label=2)
gray -> [[50, 23, 16], [78, -55, 71], [58, -15, -18]] -> 2 (label=2)
red -> [[52, 79, -42], [49, 70, 28], [53, 9, -58]] -> 1 (label=1)
lime -> [[50, 19, -5], [85, -36, 80], [41, 58, -61]] -> 1 (label=1)
gray -> [[54, -2, 2], [32, 60, -87], [77, -41, 67]] -> 0 (label=0)
gray -> [[52, 80, -30], [58, 94, -57], [54, -5, -5]] -> 2 (label=2)
yellow -> [[63, -3, -53], [64, -7, 37], [84, -83, 80]] -> 2 (label=1)
red -> [[54, 81, 35], [53, 35, 40], [84, -68, 79]] -> 0 (label=0)
green -> [[88, -82, 66], [65, 38, 70], [48, 72, -56]] -> 0 (label=0)
blue -> [[31, 69, -97], [36, 47, -68], [42, 38, -48]] -> 0 (label=0)
gray -> [[70, -22, 51], [67, -54, 47], [59, -16, 20]] -> 2 (label=2)
olive -> [[82, -54, 77], [74, -38, 62], [68, -45, 50]] -> 1 (label=1)
teal -> [[73, -31, 59], [64, -24, -18], [49, 12, -17]] -> 2 (label=1)
red -> [[65, 47, 73], [49, 54, 42], [80, -75, 75]] -> 0 (label=1)
yellow -> [[47, 61, 41], [92, -21, 89], [75, -57, 66]] -> 1 (label=1)
blue -> [[51, 19, -12], [45, 13, -35], [55, 24, 36]] -> 1 (label=1)
purple -> [[40, 34, -49], [52, 9, -6], [36, 36, -64]] -> 0 (label=0)
purple -> [[44, 14, -32], [40, 53, -92], [42, 46, -51]] -> 2 (label=2)
purple -> [[50, 19, 13], [50, 12, -13], [51, 77, -38]] -> 2 (label=1)
red -> [[49, 24, -4], [87, -82, 68], [52, 22, 23]] -> 2 (label=2)
gray -> [[54, -2, -3], [52, 80, -44], [58, 94, -57]] -> 0 (label=0)
purple -> [[39, 41, -58], [51, 77, 8], [77, -68, 48]] -> 0 (label=0)
blue -> [[39, 28, -52], [80, -52, 73], [33, 57, -87]] -> 2 (label=2)
orange -> [[85, -16, 82], [56, 43, 55], [52, 3, -3]] -> 1 (label=1)
green -> [[85, -81, 69], [48, 60, -42], [74, 26, 78]] -> 0 (label=0)
orange -> [[73, -39, -5], [59, 45, 62], [55, 88, -41]] -> 1 (label=1)
blue -> [[50, 76, -52], [35, 79, -102], [54, -2, 4]] -> 1 (label=1)
blue -> [[44, 36, -40], [46, 42, 14], [43, 47, -89]] -> 2 (label=2)
purple -> [[74, -63, 42], [63, 51, 70], [36, 68, -83]] -> 2 (label=2)
green -> [[39, 28, -50], [60, -31, 25], [52, 11, -6]] -> 1 (label=1)
green -> [[78, -68, 71], [72, -24, -33], [37, 40, -60]] -> 0 (label=0)
blue -> [[77, -68, 48], [56, -15, 12], [73, -26, -30]] -> 2 (label=2)
red -> [[54, 9, -59], [53, 80, 38], [53, 0, -1]] -> 1 (label=1)
green -> [[78, -25, 69], [77, -55, 69], [74, -13, 60]] -> 1 (label=1)
gray -> [[46, 48, 17], [53, 1, -1], [46, 11, -38]] -> 1 (label=1)
blue -> [[88, -50, -8], [53, 1, 1], [48, 45, -11]] -> 0 (label=0)
purple -> [[51, 16, -12], [47, 47, 3], [47, 10, -45]] -> 0 (label=0)
green -> [[54, 0, 0], [82, -72, 46], [64, -8, 34]] -> 1 (label=1)
orange -> [[55, 51, 56], [58, -10, 15], [48, 62, -8]] -> 0 (label=0)
orange -> [[61, 46, 67], [85, -63, 80], [36, 50, -85]] -> 0 (label=0)
green -> [[33, 70, -93], [86, -75, 81], [57, -11, -6]] -> 1 (label=1)
gold -> [[88, -67, 24], [78, -13, 69], [46, 30, -31]] -> 0 (label=1)
pink -> [[83, -81, 78], [47, 62, 8], [38, 79, -94]] -> 1 (label=1)
gray -> [[44, 18, -32], [86, -82, 68], [54, 0, 0]] -> 2 (label=2)
blue -> [[58, -13, -9], [81, -77, 75], [52, 4, 1]] -> 0 (label=0)
blue -> [[42, 67, -65], [38, 30, -54], [45, 48, -44]] -> 1 (label=1)
purple -> [[67, -54, 43], [48, 15, -21], [53, -4, -23]] -> 1 (label=1)
red -> [[34, 57, -79], [63, -37, 18], [47, 66, 34]] -> 2 (label=2)
sky -> [[58, -18, 19], [48, 56, -12], [67, -21, -32]] -> 2 (label=2)
pink -> [[48, 52, -16], [82, -6, 80], [86, -40, -22]] -> 0 (label=0)
purple -> [[52, 0, -7], [44, 14, -32], [49, 24, -21]] -> 2 (label=1)
orange -> [[66, 33, 70], [40, 71, -76], [70, -23, 50]] -> 0 (label=0)
yellow -> [[61, -32, 29], [87, -82, 67], [79, -10, 73]] -> 2 (label=2)
blue -> [[36, 41, -71], [56, -1, 10], [69, -55, 39]] -> 0 (label=0)
gray -> [[41, 45, -53], [59, 19, 45], [55, -7, 4]] -> 2 (label=2)
green -> [[59, -25, 14], [55, 0, 10], [50, 10, -12]] -> 0 (label=0)
pink -> [[47, 35, 0], [61, -1, 31], [39, 51, -63]] -> 0 (label=0)
green -> [[58, -3, 15], [60, -30, 25], [47, 56, 36]] -> 1 (label=1)
green -> [[79, -37, -21], [85, -28, 80], [84, -68, 79]] -> 2 (label=2)
gray -> [[47, 34, 18], [51, 16, -6], [52, 5, -50]] -> 1 (label=1)
green -> [[55, 5, 17], [50, 6, -44], [64, -48, 38]] -> 2 (label=2)
blue -> [[80, -60, 20], [59, 40, 60], [34, 71, -91]] -> 2 (label=2)
blue -> [[59, -16, -3], [45, 12, -34], [34, 44, -72]] -> 2 (label=2)
red -> [[78, -54, 12], [46, 51, 17], [85, -79, 81]] -> 1 (label=1)
gray -> [[54, -6, -14], [53, 0, -1], [76, -64, 38]] -> 1 (label=1)
aqua -> [[68, 20, 68], [73, -52, 18], [47, 41, 7]] -> 1 (label=1)
purple -> [[49, 37, -27], [69, -30, -14], [57, -13, 14]] -> 0 (label=0)
orange -> [[59, 20, 46], [58, 63, 68], [54, 87, -55]] -> 1 (label=1)
gray -> [[54, -1, -1], [51, 75, -48], [48, 50, -35]] -> 0 (label=0)
red -> [[54, -5, -9], [67, -40, 46], [53, 79, 62]] -> 2 (label=2)
gray -> [[56, 1, 14], [48, 39, 26], [58, -21, 14]] -> 0 (label=0)
red -> [[48, 27, 4], [51, 35, 32], [50, 75, 34]] -> 2 (label=2)
yellow -> [[74, -31, -24], [86, -32, 81], [89, -76, 84]] -> 1 (label=1)
blue -> [[60, -9, 20], [62, -27, 2], [63, -37, 19]] -> 1 (label=1)
purple -> [[72, -57, 34], [50, 21, -6], [55, -2, 7]] -> 1 (label=1)
gray -> [[37, 40, -72], [45, 23, -31], [51, 77, -14]] -> 1 (label=1)
green -> [[81, -38, 75], [74, -31, -24], [50, 36, 30]] -> 0 (label=0)
yellow -> [[74, -50, 13], [50, 14, 0], [88, -24, 84]] -> 2 (label=2)
gray -> [[67, -29, -12], [62, -25, -1], [81, -37, 74]] -> 1 (label=1)
beige -> [[62, -1, 35], [85, -55, 81], [57, -11, -10]] -> 1 (label=0)
blue -> [[61, -21, -5], [46, 15, -52], [58, 2, 25]] -> 1 (label=1)
red -> [[52, 13, -8], [69, 25, 72], [53, 79, 56]] -> 2 (label=2)
olive -> [[80, -66, 35], [86, -72, 82], [67, -30, 44]] -> 2 (label=2)
green -> [[85, -32, 80], [79, -66, 72], [43, 43, -85]] -> 1 (label=1)
gray -> [[47, 28, -28], [53, 4, -3], [50, 2, -17]] -> 1 (label=1)
brown -> [[51, 22, 19], [55, -4, -40], [68, -34, 48]] -> 0 (label=0)
blue -> [[47, 52, -9], [62, -18, 29], [69, -36, -3]] -> 2 (label=2)
purple -> [[44, 37, -41], [44, 27, -69], [52, 0, -10]] -> 0 (label=0)
blue -> [[35, 54, -75], [43, 21, -37], [39, 78, -88]] -> 0 (label=0)
teal -> [[37, 67, -79], [66, -35, 3], [86, -57, 7]] -> 1 (label=2)
purple -> [[72, -14, 53], [46, 80, -71], [66, -45, 23]] -> 1 (label=1)
brown -> [[61, 20, 53], [55, 14, 26], [53, 24, 29]] -> 0 (label=1)
green -> [[66, -18, 40], [49, 5, -26], [84, -76, 79]] -> 2 (label=2)
orange -> [[49, 37, 28], [62, -34, 32], [53, 2, 3]] -> 0 (label=0)
blue -> [[53, 1, 0], [32, 71, -97], [48, 62, -21]] -> 1 (label=1)
tan -> [[61, 5, 39], [53, 4, -2], [51, 71, 59]] -> 2 (label=0)
blue -> [[53, 72, 64], [82, -77, 77], [53, -5, -24]] -> 2 (label=2)
green -> [[53, 83, -18], [54, -1, 2], [67, -30, 46]] -> 2 (label=2)
brown -> [[50, 19, -1], [35, 53, -73], [51, 16, 12]] -> 2 (label=2)
gray -> [[55, 64, 63], [52, 8, -8], [33, 64, -94]] -> 1 (label=1)
yellow -> [[54, -5, -8], [38, 72, -82], [86, -29, 82]] -> 2 (label=2)
red -> [[49, 43, -27], [50, 56, 46], [79, -4, 77]] -> 1 (label=1)
aqua -> [[62, -30, 11], [71, -57, 58], [69, -43, 12]] -> 1 (label=2)
pink -> [[38, 40, -57], [81, -52, 75], [48, 65, -13]] -> 2 (label=2)
olive -> [[81, -70, 41], [77, -44, 67], [83, -77, 59]] -> 1 (label=1)
teal -> [[37, 38, -62], [49, 70, -9], [74, -56, 26]] -> 2 (label=2)
purple -> [[71, -30, -20], [49, 77, -56], [54, -2, 1]] -> 1 (label=1)
blue -> [[44, 30, -36], [50, 14, 2], [49, 5, -35]] -> 2 (label=2)
blue -> [[69, -60, 52], [46, 71, -59], [36, 52, -86]] -> 2 (label=2)
teal -> [[78, -58, 19], [93, -22, 90], [68, -58, 51]] -> 0 (label=0)
purple -> [[52, 80, -9], [45, 82, -76], [55, -8, -7]] -> 1 (label=1)
blue -> [[86, -23, 81], [37, 38, -70], [49, 18, -18]] -> 1 (label=1)
gray -> [[69, -32, -8], [52, -3, -18], [53, 2, -1]] -> 2 (label=2)
gray -> [[53, 3, -2], [62, -8, 26], [43, 40, -82]] -> 0 (label=0)
purple -> [[65, 12, 57], [51, 5, -7], [46, 52, -43]] -> 2 (label=2)
purple -> [[62, 53, 70], [57, -15, 4], [46, 22, -29]] -> 2 (label=2)
gray -> [[50, 17, 1], [97, -21, 94], [56, -4, 8]] -> 2 (label=2)
gray -> [[47, 48, 30], [62, -15, 28], [76, -30, 65]] -> 1 (label=1)
brown -> [[72, -48, 13], [46, 13, -26], [57, 11, 30]] -> 2 (label=2)
blue -> [[48, 65, 47], [57, -3, 12], [36, 78, -96]] -> 2 (label=2)
red -> [[51, 76, 44], [49, 29, -11], [54, -1, 3]] -> 0 (label=0)
gray -> [[49, 66, -17], [60, -30, 25], [53, -1, -8]] -> 2 (label=2)
gray -> [[54, -2, 0], [57, -18, 13], [54, 85, -45]] -> 0 (label=0)
violet -> [[41, 39, -79], [36, 72, -87], [57, -9, 12]] -> 0 (label=1)
green -> [[74, -48, 9], [55, -9, 7], [49, 24, -6]] -> 0 (label=0)
purple -> [[54, -2, 0], [35, 45, -76], [39, 59, -67]] -> 2 (label=2)
green -> [[37, 61, -75], [76, -43, 66], [48, 65, -10]] -> 1 (label=1)
red -> [[48, 67, 35], [32, 69, -94], [47, 49, 4]] -> 0 (label=0)
pink -> [[50, 59, -37], [72, -28, 55], [58, -15, -1]] -> 0 (label=0)
brown -> [[52, 7, -4], [32, 59, -88], [74, -59, 64]] -> 0 (label=0)
gray -> [[75, -5, 67], [52, 8, -7], [53, 91, -70]] -> 1 (label=1)
gray -> [[50, 3, -17], [72, -12, 54], [50, 16, -16]] -> 0 (label=0)
gold -> [[48, 43, -14], [35, 61, -93], [91, -20, 87]] -> 2 (label=2)
pink -> [[52, 80, -13], [49, 49, -32], [53, 82, -45]] -> 2 (label=0)
green -> [[55, -5, 0], [53, 0, -2], [58, -12, 17]] -> 2 (label=2)
violet -> [[51, 49, 44], [50, 65, -42], [70, -31, 52]] -> 1 (label=1)
teal -> [[59, -18, 21], [69, -27, 49], [74, -53, 18]] -> 0 (label=2)
aqua -> [[57, -5, 13], [69, -37, 1], [79, 15, 81]] -> 1 (label=1)
gray -> [[32, 73, -103], [53, -2, -4], [52, 6, -52]] -> 1 (label=1)
red -> [[49, 70, 46], [67, 39, 73], [86, -29, 82]] -> 0 (label=0)
brown -> [[52, 1, -3], [55, -4, 6], [52, 11, 12]] -> 2 (label=2)
orange -> [[60, 35, 60], [57, -19, 12], [65, 0, 46]] -> 0 (label=0)
green -> [[47, 63, 4], [67, -29, -12], [80, -78, 74]] -> 2 (label=2)
blue -> [[37, 52, -68], [48, 54, -39], [47, 16, -25]] -> 0 (label=0)
neon -> [[76, -63, 34], [73, -64, 61], [87, -72, 83]] -> 2 (label=2)
green -> [[51, 86, -64], [73, -67, 57], [52, 66, 58]] -> 1 (label=1)
blue -> [[77, -33, 66], [32, 77, -106], [62, -29, 7]] -> 1 (label=1)
blue -> [[59, -15, -20], [48, 55, 40], [52, 0, -6]] -> 0 (label=0)
red -> [[53, 1, 1], [57, 94, -64], [47, 62, 21]] -> 2 (label=2)
blue -> [[65, -14, 35], [43, 47, -47], [36, 43, -67]] -> 2 (label=2)
pink -> [[53, 4, 3], [51, 13, -1], [54, 0, 0]] -> 1 (label=1)
gray -> [[36, 37, -62], [59, -19, 1], [61, -13, -35]] -> 1 (label=1)
pink -> [[48, 14, -20], [69, -31, 49], [47, 37, 15]] -> 2 (label=2)
brown -> [[65, -12, 35], [84, -57, 10], [63, -43, 36]] -> 2 (label=0)
purple -> [[33, 59, -90], [79, -62, 27], [51, 19, -11]] -> 0 (label=2)
green -> [[48, 34, -29], [65, 3, 48], [60, -29, 25]] -> 2 (label=2)
pink -> [[49, 20, -20], [63, -37, 20], [88, -68, 84]] -> 0 (label=0)
blue -> [[48, 12, -53], [58, -8, 14], [68, 18, 66]] -> 0 (label=0)
gray -> [[55, -9, 5], [48, 64, 0], [48, 69, 49]] -> 0 (label=0)
red -> [[48, 70, 44], [67, -40, 11], [87, -35, 82]] -> 0 (label=0)
blue -> [[86, -77, 52], [55, 14, -66], [50, 33, -20]] -> 1 (label=1)
orange -> [[40, 28, -60], [73, 20, 75], [70, -22, -33]] -> 1 (label=1)
blue -> [[52, 80, -36], [82, -79, 70], [65, -30, 0]] -> 2 (label=2)
blue -> [[70, -41, 3], [49, 85, -68], [47, 9, -41]] -> 2 (label=2)
purple -> [[36, 54, -72], [32, 66, -95], [48, 87, -79]] -> 2 (label=2)
pink -> [[52, 78, 30], [62, -19, -23], [46, 14, -48]] -> 0 (label=0)
gray -> [[56, -7, 10], [68, -49, 26], [54, 71, 64]] -> 0 (label=0)
purple -> [[69, -45, 51], [44, 47, -46], [52, 12, -7]] -> 1 (label=1)
blue -> [[51, 1, -18], [54, -1, 2], [52, 78, -41]] -> 0 (label=0)
pink -> [[55, -8, -26], [57, -15, 4], [49, 78, -58]] -> 2 (label=2)
purple -> [[58, -13, -24], [52, 6, 6], [41, 41, -52]] -> 2 (label=2)
blue -> [[70, -62, 56], [53, 10, 15], [51, 0, -22]] -> 2 (label=2)
purple -> [[56, -11, -14], [42, 78, -80], [81, 2, 81]] -> 1 (label=1)
purple -> [[86, -17, 83], [84, -73, 43], [49, 30, -5]] -> 2 (label=2)
blue -> [[50, 29, -20], [44, 15, -37], [57, -4, 11]] -> 1 (label=1)
blue -> [[69, -35, -5], [49, 23, 1], [83, -70, 38]] -> 0 (label=0)
green -> [[31, 70, -98], [60, -26, 10], [79, -19, 70]] -> 1 (label=1)
pink -> [[47, 44, 27], [46, 55, 11], [50, 5, -11]] -> 1 (label=1)
blue -> [[50, 71, -27], [45, 11, -32], [60, -33, 27]] -> 1 (label=1)
blue -> [[49, 79, -61], [58, 33, 53], [35, 49, -71]] -> 2 (label=2)
green -> [[75, -42, -4], [43, 59, -58], [73, 11, 72]] -> 0 (label=0)
blue -> [[39, 31, -52], [64, -30, 1], [59, -14, -26]] -> 0 (label=2)
purple -> [[40, 60, -67], [53, -1, -5], [32, 72, -98]] -> 0 (label=0)
green -> [[59, -22, 8], [42, 83, -90], [53, 1, 0]] -> 0 (label=0)
blue -> [[65, -45, 30], [67, -9, -49], [49, 31, -14]] -> 1 (label=1)
brown -> [[62, 0, 38], [50, 35, -23], [80, -53, 8]] -> 0 (label=0)
red -> [[54, 3, 10], [52, 70, 60], [63, -42, 31]] -> 1 (label=1)
yellow -> [[54, 0, 0], [92, -34, 89], [74, -66, 51]] -> 1 (label=1)
gray -> [[54, -4, -3], [47, 86, -80], [65, -45, 26]] -> 0 (label=0)
blue -> [[83, -74, 51], [51, 12, -4], [44, 16, -33]] -> 2 (label=2)
red -> [[46, 51, 26], [52, 9, -5], [61, -22, 26]] -> 0 (label=0)
blue -> [[86, -85, 82], [60, 4, 34], [42, 34, -75]] -> 2 (label=2)
gray -> [[62, -41, 34], [56, -3, 10], [48, 23, 10]] -> 1 (label=1)
orange -> [[53, 67, 60], [36, 66, -80], [52, 78, 55]] -> 0 (label=0)
orange -> [[55, 37, 47], [61, -28, 12], [35, 61, -79]] -> 0 (label=0)
blue -> [[49, 24, -7], [52, 78, 23], [76, -27, -33]] -> 2 (label=2)
gray -> [[55, 90, -60], [88, -27, 85], [54, 0, 0]] -> 2 (label=2)
mauve -> [[50, 75, -16], [35, 72, -89], [49, 25, -3]] -> 1 (label=2)
blue -> [[37, 41, -62], [66, -9, 42], [52, 11, -5]] -> 0 (label=0)
green -> [[63, -7, -47], [48, 67, 4], [79, -72, 73]] -> 2 (label=2)
gray -> [[54, -3, -3], [48, 63, -9], [48, 70, 39]] -> 0 (label=0)
gray -> [[49, 68, -29], [76, -26, 65], [54, -4, -3]] -> 2 (label=2)
blue -> [[88, -83, 69], [50, 75, 5], [49, 25, -72]] -> 2 (label=2)
gray -> [[55, -8, -14], [79, -27, 70], [51, 0, -33]] -> 0 (label=0)
pink -> [[41, 76, -78], [45, 70, -61], [45, 22, -63]] -> 1 (label=1)
blue -> [[60, -3, 27], [39, 44, -57], [34, 59, -91]] -> 2 (label=2)
gray -> [[53, -4, -20], [56, -2, 11], [77, -39, -12]] -> 1 (label=1)
blue -> [[76, -57, 21], [65, -13, 36], [36, 44, -76]] -> 2 (label=2)
green -> [[81, -78, 71], [45, 40, -84], [51, 40, 38]] -> 0 (label=0)
pink -> [[46, 46, 24], [48, 67, 9], [51, 12, -3]] -> 1 (label=1)
blue -> [[49, 34, -14], [47, 47, 29], [48, 13, -21]] -> 2 (label=2)
green -> [[56, -7, -37], [54, 85, -51], [62, -38, 27]] -> 2 (label=2)
blue -> [[33, 73, -98], [54, -3, -38], [36, 41, -64]] -> 0 (label=0)
pink -> [[49, 78, -58], [74, -34, -18], [56, -14, 7]] -> 0 (label=0)
seagreen -> [[53, 3, -2], [87, -28, 83], [84, -68, 33]] -> 1 (label=2)
blue -> [[57, -15, 4], [80, -77, 74], [58, -7, -41]] -> 2 (label=2)
blue -> [[49, 40, 32], [53, 2, -2], [43, 33, -41]] -> 2 (label=2)
purple -> [[50, 15, -15], [74, -20, 59], [34, 49, -75]] -> 2 (label=0)
gray -> [[79, -74, 58], [55, 0, 9], [49, 39, -16]] -> 1 (label=1)
purple -> [[65, -15, 35], [50, 15, -14], [59, -15, -5]] -> 1 (label=1)
gray -> [[56, -2, 8], [53, 10, 12], [52, 7, -1]] -> 2 (label=2)
pink -> [[35, 44, -69], [57, 90, -40], [53, 0, -1]] -> 1 (label=1)
green -> [[63, -29, 4], [64, -45, 40], [53, 67, 60]] -> 1 (label=1)
green -> [[78, -74, 71], [45, 23, -65], [62, 15, 52]] -> 0 (label=0)
pink -> [[52, 0, -38], [50, 27, -14], [47, 58, 4]] -> 2 (label=2)
purple -> [[53, 91, -70], [66, -51, 46], [49, 23, -5]] -> 0 (label=0)
gray -> [[49, 62, -44], [55, 0, -47], [53, 4, 6]] -> 2 (label=2)
red -> [[51, 64, 55], [76, -63, 35], [54, -4, 2]] -> 0 (label=0)
green -> [[87, -84, 82], [47, 62, 15], [54, 0, 0]] -> 0 (label=0)
gray -> [[57, 27, 46], [47, 52, -40], [56, -9, 10]] -> 2 (label=2)
gray -> [[53, -1, -1], [50, 35, -23], [48, 61, -13]] -> 0 (label=0)
green -> [[36, 79, -100], [49, 61, -35], [70, -62, 56]] -> 2 (label=2)
red -> [[51, 75, 61], [53, 0, -3], [35, 79, -101]] -> 0 (label=0)
maroon -> [[47, 40, 0], [44, 81, -78], [52, 0, -14]] -> 0 (label=0)
red -> [[53, 74, 64], [53, 6, 8], [91, -53, 87]] -> 0 (label=0)
purple -> [[47, 53, -42], [83, -72, 78], [54, 83, -9]] -> 0 (label=0)
purple -> [[72, -56, 60], [49, 79, -59], [56, 41, 52]] -> 1 (label=1)
blue -> [[40, 81, -92], [32, 55, -81], [49, 40, -20]] -> 1 (label=1)
green -> [[50, 75, 7], [47, 31, -29], [67, -30, -7]] -> 2 (label=2)
pink -> [[50, 74, -26], [47, 41, -35], [85, -79, 63]] -> 0 (label=0)
purple -> [[83, -50, -1], [40, 67, -71], [53, -3, -7]] -> 1 (label=1)
pink -> [[48, 52, -19], [41, 51, -91], [49, 70, -9]] -> 2 (label=2)
yellow -> [[87, -15, 84], [31, 69, -97], [55, 87, -24]] -> 0 (label=0)
teal -> [[48, 46, -13], [54, 14, 22], [66, -42, 16]] -> 2 (label=2)
orange -> [[54, 37, 45], [47, 43, 25], [49, 21, 12]] -> 0 (label=0)
red -> [[75, 21, 79], [46, 41, 14], [53, -5, -20]] -> 0 (label=1)
red -> [[46, 59, 35], [60, -31, 23], [43, 18, -49]] -> 0 (label=0)
green -> [[63, -31, 6], [56, -9, 1], [55, -7, -7]] -> 0 (label=0)
green -> [[54, 31, 41], [58, -20, 19], [49, 69, -4]] -> 1 (label=1)
gray -> [[49, 19, -19], [43, 47, -50], [53, 81, -48]] -> 0 (label=0)
blue -> [[43, 39, -81], [72, 16, 73], [49, 43, -29]] -> 0 (label=0)
blue -> [[81, -72, 48], [64, -28, 37], [66, -38, 10]] -> 2 (label=2)
blue -> [[50, 28, -15], [79, -75, 65], [62, -20, -17]] -> 2 (label=2)
purple -> [[43, 16, -34], [85, -65, 81], [58, -15, 0]] -> 0 (label=0)
red -> [[60, 46, 64], [53, 77, 66], [53, 1, 2]] -> 1 (label=1)
gray -> [[74, -56, 23], [56, -10, -19], [56, -10, 1]] -> 2 (label=2)
yellow -> [[60, -22, 1], [77, -7, 72], [46, 19, -26]] -> 1 (label=1)
purple -> [[65, -12, 35], [48, 57, -24], [66, -33, 0]] -> 1 (label=1)
pink -> [[55, 88, -49], [45, 12, -42], [50, 72, 57]] -> 0 (label=0)
purple -> [[53, 3, 5], [46, 41, 20], [48, 43, -16]] -> 2 (label=2)
orange -> [[66, 25, 66], [87, -11, 86], [53, 2, 1]] -> 0 (label=0)
pink -> [[50, 74, -4], [49, 32, -9], [38, 78, -91]] -> 0 (label=0)
red -> [[35, 42, -68], [66, -27, 41], [48, 53, 39]] -> 2 (label=2)
blue -> [[48, 68, -51], [41, 30, -47], [47, 48, -39]] -> 1 (label=1)
gray -> [[52, 81, -30], [61, -19, -7], [54, 2, 7]] -> 2 (label=2)
brown -> [[88, -72, 84], [35, 57, -91], [48, 33, -5]] -> 2 (label=2)
pink -> [[50, 88, -72], [62, -4, -51], [43, 19, -35]] -> 0 (label=0)
green -> [[71, -63, 54], [42, 77, -78], [53, 3, 1]] -> 0 (label=0)
gray -> [[82, -44, -11], [54, -3, -2], [57, -22, 17]] -> 1 (label=1)
gray -> [[52, 0, -8], [73, -39, 59], [47, 85, -77]] -> 0 (label=0)
gray -> [[67, -50, 31], [53, -1, -5], [53, 73, 64]] -> 1 (label=1)
pink -> [[47, 47, 29], [55, 23, 35], [42, 58, -57]] -> 0 (label=0)
green -> [[32, 71, -97], [46, 57, 21], [61, -23, 0]] -> 2 (label=2)
olive -> [[54, 0, 0], [65, -32, 40], [82, -58, 14]] -> 0 (label=1)
gray -> [[55, -6, 5], [55, 1, 9], [53, -2, -9]] -> 2 (label=0)
blue -> [[59, -20, 2], [56, -8, 11], [61, -33, 30]] -> 0 (label=0)
purple -> [[44, 30, -37], [79, -33, -25], [53, 2, 0]] -> 0 (label=0)
green -> [[49, 40, -19], [62, -37, 21], [53, 18, 22]] -> 1 (label=1)
purple -> [[87, -64, 82], [73, 28, 78], [49, 33, -15]] -> 2 (label=2)
purple -> [[36, 76, -94], [40, 49, -58], [35, 60, -93]] -> 0 (label=1)
teal -> [[66, -51, 42], [86, -41, -21], [52, 10, -57]] -> 2 (label=1)
purple -> [[63, -10, -43], [49, 72, 47], [49, 84, -66]] -> 2 (label=2)
blue -> [[62, -25, -1], [53, 0, -1], [85, -79, 81]] -> 0 (label=0)
brown -> [[47, 63, 5], [83, -72, 78], [63, -6, 32]] -> 2 (label=2)
blue -> [[36, 41, -64], [47, 8, -25], [45, 30, -73]] -> 2 (label=2)
pink -> [[47, 20, -25], [47, 66, -51], [43, 27, -38]] -> 1 (label=1)
red -> [[54, -2, 0], [70, 29, 73], [47, 31, 8]] -> 1 (label=2)
gray -> [[62, -11, -41], [52, -2, -24], [55, -6, -4]] -> 2 (label=2)
gray -> [[86, -68, 30], [53, 0, -5], [43, 23, -38]] -> 1 (label=1)
yellow -> [[48, 59, -11], [83, -9, 81], [69, 21, 70]] -> 1 (label=1)
tan -> [[47, 38, -33], [58, -13, -24], [52, 22, 23]] -> 2 (label=2)
green -> [[68, -8, 47], [83, -16, 78], [76, -51, 66]] -> 2 (label=2)
pink -> [[52, 79, 8], [71, -59, 40], [71, -3, 60]] -> 0 (label=0)
green -> [[48, 27, 3], [80, -76, 75], [85, -13, 81]] -> 1 (label=1)
blue -> [[55, 0, 9], [43, 20, -38], [66, -46, 27]] -> 1 (label=1)
brown -> [[86, -84, 81], [52, 13, 16], [44, 47, -46]] -> 1 (label=1)
tan -> [[54, 0, 0], [60, 8, 37], [64, -9, -46]] -> 1 (label=1)
orange -> [[65, -31, 39], [67, -5, 48], [66, -21, 39]] -> 1 (label=1)
gray -> [[49, 17, -18], [53, 2, -1], [68, -18, 45]] -> 1 (label=1)
blue -> [[67, -27, -19], [43, 39, -44], [53, 80, 44]] -> 0 (label=0)
gray -> [[54, 0, 2], [78, -18, 68], [42, 82, -86]] -> 0 (label=0)
blue -> [[88, -77, 48], [54, -7, -16], [45, 47, -44]] -> 1 (label=1)
gray -> [[51, 10, 3], [67, -52, 47], [65, 0, 46]] -> 0 (label=0)
pink -> [[87, -83, 73], [43, 47, -47], [48, 62, -10]] -> 2 (label=2)
green -> [[44, 27, -36], [50, 73, 38], [74, -38, 61]] -> 2 (label=2)
gray -> [[71, -22, 52], [53, 2, -1], [84, -60, 13]] -> 1 (label=1)
purple -> [[75, -50, 66], [56, -4, 8], [46, 29, -30]] -> 2 (label=2)
gray -> [[85, -56, 5], [48, 75, -58], [54, 0, 0]] -> 2 (label=2)
gray -> [[53, -1, -2], [51, 71, 60], [49, 35, -13]] -> 0 (label=0)
purple -> [[50, 75, 47], [45, 80, -76], [32, 75, -102]] -> 1 (label=1)
blue -> [[55, -1, 5], [59, 1, -54], [50, 76, -16]] -> 1 (label=1)
gray -> [[54, -1, 1], [56, -6, -38], [52, 68, 60]] -> 0 (label=0)
purple -> [[54, 0, 0], [52, -2, -12], [50, 10, -12]] -> 2 (label=2)
pink -> [[47, 55, 8], [53, 1, -2], [38, 32, -60]] -> 0 (label=0)
gray -> [[55, 5, 17], [48, 51, -36], [54, -2, 2]] -> 2 (label=2)
blue -> [[49, 54, -34], [57, -4, 11], [39, 50, -60]] -> 2 (label=2)
aqua -> [[79, -53, 8], [71, -62, 58], [41, 22, -44]] -> 1 (label=0)
gray -> [[49, 15, -60], [53, 2, -1], [73, -66, 63]] -> 1 (label=1)
red -> [[46, 55, 14], [74, -32, 61], [48, 32, 3]] -> 0 (label=0)
green -> [[80, -77, 75], [52, 3, -46], [32, 79, -107]] -> 0 (label=0)
yellow -> [[74, 1, 69], [87, -72, 82], [48, 50, -21]] -> 0 (label=0)
gray -> [[72, -30, -23], [50, 2, -29], [54, 0, 0]] -> 2 (label=2)
green -> [[50, 53, 45], [67, -46, 46], [71, -21, 51]] -> 1 (label=1)
green -> [[77, -65, 38], [33, 69, -99], [48, 68, 26]] -> 0 (label=0)
red -> [[78, -74, 66], [47, 62, 34], [40, 35, -71]] -> 1 (label=1)
purple -> [[39, 70, -78], [65, -33, 39], [62, 22, 56]] -> 0 (label=0)
brown -> [[51, 9, 1], [50, 3, -14], [50, 21, -8]] -> 0 (label=0)
orange -> [[48, 33, 19], [56, 32, 46], [42, 33, -73]] -> 1 (label=1)
yellow -> [[66, -29, 41], [51, 9, -1], [91, -20, 88]] -> 2 (label=2)
purple -> [[50, 20, -4], [51, 3, -8], [71, -29, -22]] -> 0 (label=1)
green -> [[50, 10, -14], [84, -13, 80], [62, -25, -1]] -> 1 (label=2)
blue -> [[57, -2, -46], [50, 15, 0], [87, -13, 84]] -> 0 (label=0)
gray -> [[53, 6, 8], [62, -19, 28], [46, 36, -35]] -> 0 (label=0)
blue -> [[41, 25, -57], [44, 36, -41], [44, 23, -34]] -> 0 (label=0)
blue -> [[66, -39, 12], [60, 0, 30], [49, 70, 19]] -> 0 (label=0)
red -> [[49, 53, 42], [80, -78, 74], [69, -2, 56]] -> 0 (label=0)
gray -> [[55, -8, 8], [58, 29, 49], [34, 73, -95]] -> 0 (label=0)
blue -> [[77, -64, 34], [37, 47, -82], [53, 81, 6]] -> 1 (label=1)
blue -> [[35, 44, -73], [48, 35, 21], [47, 9, -31]] -> 0 (label=0)
purple -> [[50, 19, -5], [64, -33, 38], [47, 34, 12]] -> 0 (label=0)
purple -> [[55, 2, 13], [49, 55, -38], [62, -35, 18]] -> 1 (label=1)
orange -> [[66, 9, 57], [73, -14, 58], [71, -56, 33]] -> 0 (label=0)
green -> [[57, -2, 14], [78, -44, 70], [60, -16, -25]] -> 1 (label=1)
green -> [[47, 15, -23], [67, -55, 48], [34, 52, -82]] -> 1 (label=1)
yellow -> [[92, -51, 88], [65, -33, 39], [47, 56, 8]] -> 0 (label=0)
blue -> [[60, -24, 6], [53, 1, 1], [50, 17, -65]] -> 2 (label=2)
purple -> [[83, -71, 43], [51, 11, 6], [36, 62, -78]] -> 2 (label=2)
gray -> [[63, -22, -17], [64, -16, -35], [55, -6, -3]] -> 2 (label=2)
green -> [[84, -78, 61], [63, -29, 4], [72, -29, 57]] -> 0 (label=0)
aqua -> [[50, 1, -30], [89, -63, 14], [45, 78, -70]] -> 1 (label=1)
blue -> [[83, -63, 22], [53, 55, 54], [42, 47, -88]] -> 2 (label=2)
yellow -> [[61, 2, -57], [77, -1, 74], [41, 82, -92]] -> 1 (label=1)
pink -> [[81, -55, 10], [49, 4, -29], [48, 62, -10]] -> 2 (label=2)
gray -> [[56, -7, 8], [60, -17, -4], [57, -14, 3]] -> 0 (label=0)
purple -> [[48, 7, -21], [60, -18, -15], [51, 77, -39]] -> 2 (label=2)
yellow -> [[65, -9, 38], [60, -11, 23], [64, -35, 38]] -> 0 (label=0)
pink -> [[41, 35, -48], [51, 78, -26], [59, 3, -56]] -> 1 (label=1)
blue -> [[45, 17, -56], [46, 60, 27], [37, 60, -95]] -> 2 (label=2)
gray -> [[55, 87, -24], [50, 4, -13], [79, -65, 35]] -> 1 (label=1)
green -> [[71, -16, -43], [56, -17, 13], [88, -15, 86]] -> 2 (label=1)
purple -> [[47, 41, 9], [85, -82, 80], [49, 43, -24]] -> 2 (label=2)
blue -> [[55, -5, 0], [53, 2, -1], [51, 0, -15]] -> 2 (label=2)
brown -> [[57, 27, 46], [52, 76, 64], [51, 78, -17]] -> 0 (label=0)
pink -> [[50, 33, -23], [63, -24, -5], [48, 56, -20]] -> 2 (label=2)
olive -> [[65, -27, 37], [65, -48, 35], [44, 47, -47]] -> 2 (label=0)
blue -> [[59, -17, 21], [64, -19, -28], [46, 56, 34]] -> 1 (label=1)
lavander -> [[48, 69, -50], [47, 14, -22], [51, 78, 27]] -> 1 (label=0)
yellow -> [[47, 62, 43], [68, -1, 55], [53, 3, 4]] -> 1 (label=1)
aqua -> [[48, 9, -17], [81, -51, 0], [77, -73, 66]] -> 2 (label=1)
green -> [[68, -14, -43], [61, -22, 1], [53, 80, 18]] -> 1 (label=1)
purple -> [[68, -45, 50], [71, -34, -9], [47, 37, -33]] -> 2 (label=2)
purple -> [[52, 36, 35], [70, -59, 56], [37, 52, -67]] -> 2 (label=2)
tan -> [[67, -52, 36], [69, -13, 46], [51, 20, 19]] -> 1 (label=1)
green -> [[75, -70, 67], [55, -7, -32], [46, 17, -26]] -> 0 (label=0)
brown -> [[54, 22, 32], [47, 54, 35], [56, -4, 8]] -> 0 (label=0)
pink -> [[39, 47, -85], [66, -37, 7], [51, 74, -36]] -> 2 (label=2)
gray -> [[45, 40, -38], [64, -30, 2], [54, 0, 0]] -> 2 (label=2)
yellow -> [[55, 14, 26], [86, -38, 82], [64, -44, 29]] -> 1 (label=1)
yellow -> [[81, -11, 77], [62, 36, 63], [49, 49, -32]] -> 0 (label=0)
green -> [[65, 43, 72], [47, 39, -34], [87, -69, 83]] -> 2 (label=2)
blue -> [[46, 26, -70], [95, -26, 92], [71, 32, 76]] -> 0 (label=0)
orange -> [[48, 33, -5], [78, -62, 28], [67, 43, 74]] -> 2 (label=2)
purple -> [[88, -63, 16], [34, 79, -105], [43, 33, -42]] -> 1 (label=2)
gray -> [[61, -32, 18], [51, 2, -11], [51, 13, -11]] -> 1 (label=1)
gray -> [[63, -29, 33], [50, 13, 3], [50, 35, 30]] -> 1 (label=1)
green -> [[48, 46, 33], [83, -81, 73], [41, 27, -62]] -> 1 (label=1)
yellow -> [[90, -33, 86], [32, 76, -104], [56, -5, 9]] -> 0 (label=0)
yellow -> [[69, 8, 64], [66, -33, -1], [49, 29, -7]] -> 0 (label=0)
pink -> [[51, 1, -12], [86, -84, 79], [53, 81, 25]] -> 2 (label=2)
tan -> [[64, -8, 34], [67, -42, 46], [65, -45, 28]] -> 0 (label=0)
pink -> [[58, 57, 66], [48, 36, -1], [57, -12, -13]] -> 0 (label=1)
pink -> [[55, 92, -67], [46, 64, -52], [39, 82, -95]] -> 0 (label=0)
gray -> [[68, -38, 4], [64, -46, 40], [56, -10, 9]] -> 2 (label=2)
blue -> [[59, -9, 18], [64, -35, 39], [59, -22, 8]] -> 2 (label=2)
gray -> [[37, 38, -60], [57, -13, 13], [68, -54, 38]] -> 1 (label=1)
brown -> [[51, 6, -8], [61, -7, 25], [49, 65, -29]] -> 1 (label=1)
purple -> [[54, 0, -44], [54, 0, 0], [43, 69, -66]] -> 2 (label=2)
purple -> [[70, -2, 60], [59, -27, 22], [45, 15, -28]] -> 2 (label=2)
blue -> [[79, -74, 73], [77, -45, -2], [62, -18, 29]] -> 1 (label=1)
purple -> [[31, 68, -96], [41, 45, -52], [74, -29, 60]] -> 0 (label=1)
purple -> [[61, -6, 28], [42, 49, -51], [53, 1, -3]] -> 1 (label=1)
seafoam -> [[76, -28, -30], [76, -41, -7], [58, -20, 19]] -> 2 (label=1)
purple -> [[53, 18, 24], [47, 72, -57], [46, 16, -56]] -> 1 (label=1)
blue -> [[71, -50, 18], [67, -29, -8], [54, 63, 61]] -> 1 (label=1)
gray -> [[53, 1, -1], [52, 80, 27], [81, -22, 73]] -> 0 (label=0)
gray -> [[53, 1, 2], [33, 53, -83], [72, -38, 58]] -> 0 (label=0)
green -> [[82, -67, 33], [55, -7, 4], [49, 71, -20]] -> 0 (label=0)
gray -> [[43, 18, -45], [52, 8, -6], [50, 73, -36]] -> 1 (label=1)
brown -> [[46, 11, -39], [38, 78, -91], [50, 20, 12]] -> 2 (label=2)
orange -> [[81, -22, 73], [71, -61, 47], [56, 39, 50]] -> 2 (label=2)
green -> [[88, -50, -8], [55, 56, 60], [83, -56, 78]] -> 2 (label=2)
purple -> [[53, 0, -2], [88, -45, -16], [50, 15, -2]] -> 2 (label=2)
purple -> [[46, 15, -25], [50, 21, -9], [46, 56, -45]] -> 2 (label=2)
blue -> [[34, 71, -90], [38, 58, -70], [67, -50, 33]] -> 0 (label=0)
yellow -> [[89, -49, 86], [51, 17, -13], [53, 33, 39]] -> 0 (label=0)
red -> [[46, 57, 26], [81, -77, 75], [48, 34, -10]] -> 0 (label=0)
green -> [[69, -53, 33], [52, 8, -5], [55, 85, -13]] -> 0 (label=0)
yellow -> [[66, -28, -11], [50, 24, -13], [77, -1, 74]] -> 2 (label=2)
barney -> [[66, -11, -46], [57, 4, 23], [46, 62, -51]] -> 2 (label=2)
green -> [[83, -27, 76], [37, 77, -93], [78, -71, 72]] -> 2 (label=2)
green -> [[52, 1, -5], [73, -59, 35], [38, 48, -85]] -> 1 (label=1)
green -> [[47, 47, -2], [84, -71, 38], [43, 43, -48]] -> 1 (label=1)
purple -> [[60, -32, 26], [49, 73, 48], [50, 18, -2]] -> 2 (label=2)
gray -> [[73, 14, 73], [48, 48, -19], [53, 0, -1]] -> 2 (label=2)
gray -> [[48, 33, 22], [54, 0, 0], [51, 2, -8]] -> 2 (label=1)
orange -> [[47, 34, -30], [64, 11, 54], [62, -36, 31]] -> 1 (label=1)
red -> [[40, 82, -93], [50, 64, 52], [54, -1, 1]] -> 1 (label=1)
purple -> [[47, 35, 0], [62, -28, 6], [49, 25, -20]] -> 2 (label=2)
blue -> [[57, -12, -12], [45, 34, -37], [70, -50, 21]] -> 1 (label=0)
brown -> [[54, 8, 16], [79, -73, 57], [42, 36, -76]] -> 0 (label=0)
pink -> [[51, 21, 18], [74, -54, 63], [47, 53, -9]] -> 2 (label=2)
green -> [[55, 1, 11], [76, -54, 15], [47, 56, 3]] -> 1 (label=1)
purple -> [[56, -10, -14], [51, 16, -13], [47, 39, -3]] -> 1 (label=1)
purple -> [[41, 32, -48], [40, 26, -55], [61, -37, 31]] -> 0 (label=0)
pink -> [[50, 25, -10], [55, 62, 62], [52, 11, 11]] -> 1 (label=0)
teal -> [[89, -42, 85], [68, -44, 15], [47, 51, 5]] -> 1 (label=1)
orange -> [[36, 48, -67], [58, -9, -36], [82, -2, 82]] -> 2 (label=2)
brown -> [[52, 6, 2], [82, -38, -23], [54, 0, 0]] -> 2 (label=0)
grapes -> [[52, 2, -4], [50, 23, -13], [49, 5, -20]] -> 1 (label=1)
brown -> [[70, -21, 50], [78, -48, 70], [75, -70, 62]] -> 0 (label=0)
gray -> [[58, 11, 34], [56, -5, 9], [60, -8, 22]] -> 1 (label=1)
pink -> [[47, 51, 6], [49, 23, -1], [77, -43, 68]] -> 0 (label=0)
purple -> [[41, 81, -87], [46, 52, 27], [32, 74, -101]] -> 0 (label=0)
gray -> [[54, 0, 5], [51, 40, 36], [68, -46, 19]] -> 0 (label=0)
blue -> [[87, -69, 30], [78, -72, 71], [86, -82, 67]] -> 0 (label=0)
gray -> [[40, 24, -47], [53, 81, 29], [54, 0, 0]] -> 2 (label=2)
purple -> [[52, 88, -65], [62, 20, 55], [50, 76, 17]] -> 0 (label=0)
yellow -> [[65, -47, 33], [61, -32, 29], [75, -25, 63]] -> 2 (label=2)
purple -> [[56, 72, 68], [80, -6, 77], [48, 52, -24]] -> 2 (label=2)
red -> [[62, -20, -19], [57, 66, 67], [50, 5, -11]] -> 1 (label=1)
blue -> [[55, -5, -1], [31, 71, -98], [84, -70, 38]] -> 1 (label=1)
orange -> [[50, 24, -13], [72, 26, 76], [89, -28, 85]] -> 1 (label=1)
blue -> [[57, 18, 39], [38, 29, -53], [32, 67, -93]] -> 2 (label=2)
gray -> [[88, -85, 83], [53, 0, -1], [47, 52, -10]] -> 1 (label=1)
purple -> [[58, -9, 17], [42, 75, -76], [64, -14, -39]] -> 1 (label=1)
blue -> [[40, 25, -53], [74, 5, 71], [68, -49, 50]] -> 0 (label=0)
blue -> [[58, -6, 15], [53, 8, 12], [54, -6, 5]] -> 2 (label=2)
brown -> [[64, -29, -2], [51, 19, 16], [47, 58, 38]] -> 1 (label=1)
purple -> [[48, 56, -18], [51, 78, 19], [53, 15, -65]] -> 0 (label=0)
gray -> [[50, 67, -39], [52, 7, -4], [32, 76, -102]] -> 1 (label=1)
tan -> [[54, -3, 1], [66, -7, 41], [49, 32, -12]] -> 1 (label=1)
purple -> [[54, -4, -34], [48, 61, -6], [52, 79, 64]] -> 1 (label=1)
blue -> [[57, 0, 18], [40, 58, -64], [55, 91, -62]] -> 1 (label=1)
pink -> [[48, 67, 19], [35, 62, -80], [47, 57, -9]] -> 0 (label=2)
blue -> [[50, 68, -36], [68, -27, 45], [61, -25, 6]] -> 2 (label=2)
green -> [[63, -31, 7], [49, 19, -66], [51, 86, -66]] -> 0 (label=0)
gray -> [[54, -4, -4], [64, -20, 34], [49, 40, -19]] -> 0 (label=0)
purple -> [[47, 31, 7], [49, 38, -19], [47, 47, -2]] -> 1 (label=1)
gray -> [[52, 12, -7], [46, 66, -53], [60, 39, 61]] -> 0 (label=0)
gray -> [[54, 0, 0], [52, 8, -3], [53, 14, -64]] -> 1 (label=0)
magenta -> [[53, 88, -61], [63, -25, 33], [44, 71, -66]] -> 2 (label=0)
blue -> [[33, 73, -104], [52, 64, 57], [47, 57, 0]] -> 0 (label=0)
green -> [[33, 73, -98], [55, -4, 0], [78, -74, 66]] -> 2 (label=2)
blue -> [[51, 74, -39], [48, 70, 24], [58, -14, -17]] -> 2 (label=2)
purple -> [[83, -77, 61], [45, 76, -67], [50, 17, 0]] -> 1 (label=1)
gray -> [[48, 63, -10], [53, 2, -1], [34, 52, -82]] -> 1 (label=1)
blue -> [[48, 37, 24], [56, -12, 10], [60, -18, -10]] -> 2 (label=2)
magenta -> [[48, 75, -57], [53, 82, -43], [44, 79, -76]] -> 2 (label=1)
purple -> [[56, -16, 12], [48, 66, 21], [50, 57, -37]] -> 2 (label=2)
blue -> [[40, 32, -49], [44, 48, -46], [44, 81, -80]] -> 0 (label=0)
green -> [[70, -59, 55], [47, 11, -47], [57, -9, 12]] -> 0 (label=0)
aqua -> [[64, -25, -12], [39, 66, -73], [52, -2, -13]] -> 0 (label=0)
gray -> [[54, -5, -8], [47, 39, 1], [39, 67, -73]] -> 0 (label=0)
purple -> [[47, 12, -23], [62, -31, 13], [57, 6, 24]] -> 0 (label=0)
brown -> [[57, -12, 0], [47, 18, -24], [54, 1, 5]] -> 2 (label=2)
pink -> [[59, 15, 42], [50, 74, -25], [53, 1, -44]] -> 1 (label=1)
purple -> [[41, 36, -75], [39, 52, -63], [48, 5, -31]] -> 1 (label=1)
yellow -> [[44, 36, -41], [83, -32, 78], [71, -26, 53]] -> 1 (label=1)
olive -> [[69, -57, 54], [76, -26, 64], [78, -38, 70]] -> 1 (label=1)
blue -> [[65, -45, 26], [54, -1, -1], [60, -10, -38]] -> 2 (label=2)
gray -> [[81, 8, 83], [53, 1, 1], [48, 29, -4]] -> 1 (label=1)
orange -> [[47, 55, -1], [64, -32, 36], [66, -10, 40]] -> 2 (label=2)
green -> [[62, -2, 35], [44, 19, -55], [62, -20, 30]] -> 2 (label=2)
brown -> [[49, 19, 9], [36, 45, -66], [58, 11, -65]] -> 0 (label=0)
green -> [[54, -6, 4], [79, -66, 36], [44, 27, -68]] -> 1 (label=1)
gray -> [[56, -11, 11], [61, -6, -47], [49, 65, -43]] -> 0 (label=0)
blue -> [[55, 1, -48], [46, 11, -24], [72, -55, 27]] -> 0 (label=0)
red -> [[49, 72, 41], [40, 44, -55], [47, 39, 7]] -> 0 (label=0)
blue -> [[43, 80, -79], [34, 69, -100], [58, 40, 56]] -> 1 (label=1)
gray -> [[47, 50, 2], [54, 83, -2], [50, 26, -13]] -> 2 (label=2)
yellow -> [[86, -81, 81], [92, -17, 89], [54, 65, 61]] -> 1 (label=1)
green -> [[58, -4, 16], [68, -44, 50], [53, -4, -22]] -> 1 (label=1)
green -> [[80, -69, 44], [53, 83, -51], [55, 18, 31]] -> 0 (label=0)
purple -> [[32, 68, -98], [51, 12, -5], [37, 77, -92]] -> 2 (label=2)
blue -> [[53, -1, -1], [61, -32, 29], [34, 52, -76]] -> 2 (label=2)
gray -> [[49, 23, -2], [66, 40, 72], [53, 3, -2]] -> 2 (label=2)
blue -> [[68, -18, 45], [40, 25, -50], [52, 5, 2]] -> 1 (label=1)
gray -> [[34, 79, -103], [55, -6, 7], [76, -65, 68]] -> 1 (label=1)
green -> [[62, -32, 32], [51, 75, -48], [59, 4, 31]] -> 0 (label=0)
gray -> [[56, -11, -14], [55, -2, 6], [55, -9, 7]] -> 1 (label=1)
pink -> [[47, 65, 31], [49, 11, -16], [49, 59, -32]] -> 0 (label=2)
red -> [[57, -2, 12], [47, 28, 12], [78, -23, 68]] -> 2 (label=1)
green -> [[50, 75, -20], [57, 4, 22], [73, -19, 56]] -> 2 (label=2)
gray -> [[46, 45, 24], [31, 70, -97], [54, -1, 1]] -> 2 (label=2)
green -> [[42, 48, -51], [75, -54, 16], [53, 2, 3]] -> 1 (label=1)
olive -> [[42, 24, -59], [68, -40, 6], [58, -6, 15]] -> 0 (label=2)
yellow -> [[76, -39, 66], [69, -56, 38], [55, -1, 5]] -> 0 (label=0)
blue -> [[38, 51, -88], [43, 74, -70], [40, 44, -55]] -> 0 (label=0)
gray -> [[54, -4, -6], [51, 74, 61], [32, 78, -107]] -> 0 (label=0)
blue -> [[47, 58, 3], [69, 27, 71], [41, 28, -63]] -> 2 (label=2)
gray -> [[70, -52, 56], [50, 2, -20], [54, 0, 2]] -> 2 (label=2)
blue -> [[65, -27, -8], [67, -15, 40], [49, 72, 1]] -> 0 (label=0)
pink -> [[47, 35, -31], [45, 85, -82], [57, 91, -38]] -> 2 (label=2)
gray -> [[48, 23, -24], [48, 80, -63], [52, 80, -49]] -> 0 (label=0)
magenta -> [[54, -3, -1], [57, 89, -27], [53, 82, -18]] -> 1 (label=2)
gray -> [[68, -56, 51], [47, 44, 27], [54, 3, 10]] -> 2 (label=2)
red -> [[53, 14, 21], [65, 17, 61], [57, -5, 13]] -> 1 (label=0)
green -> [[56, -4, 9], [65, -46, 33], [50, 17, 11]] -> 1 (label=1)
blue -> [[45, 13, -33], [38, 54, -91], [57, -3, 13]] -> 1 (label=1)
brown -> [[57, 9, 28], [59, -17, -11], [78, -38, 69]] -> 0 (label=0)
blue -> [[54, -1, 1], [35, 61, -93], [87, -76, 49]] -> 1 (label=1)
gray -> [[69, -21, -34], [53, 2, -2], [53, 89, -65]] -> 1 (label=1)
purple -> [[41, 59, -63], [55, -7, 4], [39, 29, -58]] -> 0 (label=0)
gray -> [[49, 88, -77], [54, -3, -4], [49, 76, -56]] -> 1 (label=1)
blue -> [[49, 58, -36], [39, 73, -79], [41, 24, -43]] -> 2 (label=2)
gray -> [[49, 44, 34], [50, 18, 13], [54, 43, 49]] -> 1 (label=1)
yellow -> [[50, 32, -20], [79, -15, 70], [65, -23, 38]] -> 1 (label=1)
orange -> [[61, 36, 61], [65, -11, 35], [38, 40, -60]] -> 0 (label=0)
orange -> [[59, 26, 51], [54, 0, 0], [66, -12, 37]] -> 0 (label=0)
green -> [[34, 75, -96], [88, -78, 52], [51, 4, -44]] -> 1 (label=1)
red -> [[49, 66, 50], [50, 67, -39], [81, -75, 60]] -> 0 (label=0)
purple -> [[36, 50, -70], [59, -27, 20], [46, 23, -66]] -> 0 (label=0)
blue -> [[54, -6, -12], [43, 26, -39], [46, 34, -79]] -> 2 (label=2)
pink -> [[52, 78, -49], [53, 1, 0], [32, 76, -103]] -> 0 (label=0)
brown -> [[43, 41, -46], [85, -75, 81], [55, 7, 19]] -> 2 (label=2)
green -> [[53, 78, 65], [82, -71, 77], [52, -1, -12]] -> 1 (label=1)
green -> [[70, -53, 31], [43, 30, -71], [82, -9, 79]] -> 0 (label=0)
gray -> [[55, -7, 0], [77, -65, 38], [50, 3, -23]] -> 0 (label=0)
pink -> [[55, 14, -66], [48, 33, -6], [34, 75, -98]] -> 2 (label=1)
purple -> [[43, 40, -45], [41, 33, -71], [93, -28, 90]] -> 0 (label=0)
blue -> [[46, 25, -29], [35, 58, -76], [37, 39, -72]] -> 2 (label=2)
purple -> [[46, 79, -69], [76, -37, 65], [57, 12, -65]] -> 0 (label=0)
blue -> [[55, -9, -14], [55, -6, 2], [47, 67, -52]] -> 0 (label=0)
yellow -> [[47, 45, 29], [59, -14, -27], [74, -8, 64]] -> 2 (label=2)
blue -> [[75, 4, 73], [50, 33, 27], [57, -13, -19]] -> 2 (label=2)
purple -> [[53, 80, 67], [50, 86, -68], [66, 6, 54]] -> 1 (label=1)
blue -> [[35, 44, -68], [55, 1, 10], [72, -67, 61]] -> 0 (label=0)
green -> [[79, -67, 38], [52, 79, 57], [53, 13, -63]] -> 0 (label=0)
brown -> [[69, -19, -38], [86, -71, 82], [66, -3, 47]] -> 2 (label=2)
green -> [[79, -32, -27], [61, -14, 26], [65, -45, 30]] -> 2 (label=2)
purple -> [[53, 2, -1], [42, 83, -90], [82, 2, 82]] -> 1 (label=1)
brown -> [[48, 50, 34], [52, 72, 62], [46, 51, 17]] -> 1 (label=0)
yellow -> [[57, -3, -45], [54, 87, -56], [94, -19, 92]] -> 2 (label=2)
blue -> [[32, 75, -104], [65, 7, 53], [51, 15, 12]] -> 0 (label=0)
orange -> [[61, 55, 70], [79, -50, 3], [54, 0, 0]] -> 0 (label=0)
tan -> [[46, 45, 14], [54, -1, 3], [58, -20, 9]] -> 0 (label=1)
red -> [[52, 20, 24], [56, -11, 9], [47, 58, 40]] -> 2 (label=2)
blue -> [[32, 68, -97], [48, 18, -21], [66, -9, 39]] -> 0 (label=0)
gray -> [[55, 88, -52], [56, -9, 2], [51, 0, -35]] -> 1 (label=1)
lime -> [[50, 17, -14], [81, -54, 74], [46, 59, 35]] -> 1 (label=1)
green -> [[47, 42, 24], [66, -36, 43], [56, -12, 10]] -> 1 (label=1)
green -> [[64, 1, 44], [59, -27, 19], [64, -26, -4]] -> 1 (label=1)
blue -> [[47, 30, 10], [52, -1, -11], [53, 0, -3]] -> 1 (label=1)
gray -> [[60, -29, 16], [52, 0, -9], [59, 6, 31]] -> 1 (label=1)
red -> [[51, 76, 40], [53, -2, -38], [73, -29, -26]] -> 0 (label=0)
pink -> [[42, 19, -45], [78, -71, 54], [50, 71, -40]] -> 2 (label=2)
gray -> [[44, 18, -53], [52, -1, -8], [49, 16, -62]] -> 1 (label=1)
green -> [[50, 24, 19], [62, 10, 46], [76, -66, 43]] -> 2 (label=2)
purple -> [[85, -50, -4], [53, 2, 4], [48, 48, -37]] -> 2 (label=2)
green -> [[66, -43, 44], [51, 75, -37], [69, 12, 64]] -> 0 (label=0)
blue -> [[53, 3, 0], [47, 64, 19], [83, -43, -14]] -> 2 (label=2)
bright -> [[73, -68, 63], [70, -28, 51], [83, -80, 78]] -> 1 (label=2)
violet -> [[50, 70, -30], [63, 13, 50], [63, -25, 34]] -> 0 (label=0)
blue -> [[48, 29, -3], [57, -21, 15], [32, 70, -99]] -> 2 (label=2)
lime -> [[68, -35, 48], [60, -32, 23], [63, -35, 36]] -> 0 (label=0)
blue -> [[42, 47, -88], [59, 49, 64], [52, 80, -5]] -> 0 (label=0)
orange -> [[60, 48, 66], [67, -56, 48], [73, -25, -33]] -> 0 (label=0)
orange -> [[56, -10, 4], [38, 74, -86], [72, 26, 75]] -> 2 (label=2)
gray -> [[89, -55, 85], [43, 73, -71], [55, -6, -3]] -> 2 (label=2)
blue -> [[33, 76, -101], [80, -59, 74], [50, 32, -19]] -> 0 (label=0)
red -> [[52, 78, 56], [50, 45, 38], [55, -7, -32]] -> 0 (label=0)
yellow -> [[87, -56, 83], [57, 92, -53], [76, -60, 28]] -> 0 (label=0)
green -> [[69, -5, 54], [85, -8, 83], [84, -41, 79]] -> 2 (label=2)
green -> [[61, -37, 26], [35, 65, -82], [52, 38, 40]] -> 0 (label=0)
gray -> [[56, -7, -3], [54, 83, 19], [47, 8, -28]] -> 0 (label=0)
pink -> [[41, 35, -48], [49, 67, -45], [48, 15, -21]] -> 1 (label=1)
pink -> [[74, -66, 64], [82, -11, 78], [50, 74, -6]] -> 2 (label=2)
green -> [[61, -33, 20], [70, 16, 70], [31, 63, -90]] -> 0 (label=0)
gray -> [[39, 29, -58], [62, -37, 33], [49, 12, -17]] -> 2 (label=2)
red -> [[54, 84, -49], [88, -68, 84], [51, 74, 61]] -> 2 (label=2)
teal -> [[63, -18, 30], [71, -23, 53], [65, -41, 20]] -> 0 (label=2)
brown -> [[47, 60, -3], [59, 47, 64], [53, 7, 10]] -> 1 (label=2)
green -> [[71, -10, 53], [85, -79, 63], [54, 85, -26]] -> 1 (label=1)
red -> [[44, 27, -36], [48, 33, -3], [48, 31, -26]] -> 1 (label=1)
yellow -> [[58, -26, 19], [79, -39, 72], [53, 3, 4]] -> 1 (label=1)
gray -> [[59, -24, 12], [53, 82, -32], [57, -7, 13]] -> 2 (label=2)
gray -> [[56, -2, 11], [54, 52, 55], [85, -72, 40]] -> 0 (label=0)
teal -> [[35, 69, -88], [49, 32, -24], [67, -27, -18]] -> 1 (label=2)
brown -> [[53, 4, 8], [53, -3, -36], [50, 11, -14]] -> 0 (label=0)
gray -> [[32, 77, -105], [55, -4, -40], [55, -5, -4]] -> 2 (label=2)
gold -> [[61, -21, 28], [53, 2, -1], [60, -31, 27]] -> 0 (label=0)
pink -> [[58, 95, -64], [83, -52, 1], [86, -3, 85]] -> 0 (label=0)
purple -> [[49, 35, -15], [58, -26, 18], [87, -64, 83]] -> 0 (label=0)
purple -> [[68, -54, 40], [89, -54, -2], [50, 20, -7]] -> 2 (label=2)
red -> [[35, 68, -86], [47, 41, 8], [68, -20, 46]] -> 1 (label=1)
gray -> [[49, 68, -22], [54, -3, -2], [55, 46, 54]] -> 1 (label=1)
pink -> [[56, -7, 10], [52, 78, 29], [57, 17, 36]] -> 1 (label=1)
green -> [[39, 34, -68], [66, -36, 4], [47, 52, 7]] -> 1 (label=1)
green -> [[54, 86, -41], [85, -78, 59], [40, 24, -47]] -> 1 (label=1)
blue -> [[33, 56, -80], [39, 53, -92], [36, 76, -95]] -> 1 (label=1)
blue -> [[47, 54, -1], [49, 3, -25], [34, 73, -94]] -> 2 (label=2)
blue -> [[59, 97, -63], [79, -61, 25], [57, 3, -54]] -> 2 (label=2)
brown -> [[33, 54, -84], [55, 86, -24], [55, 33, 43]] -> 2 (label=2)
brown -> [[83, -19, 77], [63, 2, 41], [40, 43, -82]] -> 1 (label=1)
purple -> [[58, 23, 44], [88, -45, -16], [45, 70, -61]] -> 2 (label=2)
purple -> [[62, -30, 32], [54, 26, 35], [51, 18, -8]] -> 2 (label=2)
purple -> [[39, 43, -56], [46, 41, 21], [59, -15, -5]] -> 0 (label=0)
drab -> [[48, 29, 3], [35, 49, -82], [56, -14, 6]] -> 1 (label=2)
gray -> [[62, 52, 69], [50, 2, -17], [64, -34, 38]] -> 1 (label=1)
gray -> [[32, 57, -83], [56, -9, -2], [49, 23, -19]] -> 1 (label=1)
blue -> [[47, 26, -27], [61, -18, -22], [69, -38, 0]] -> 1 (label=1)
lavender -> [[46, 15, -27], [49, 30, -13], [52, 5, -6]] -> 0 (label=1)
purple -> [[46, 17, -26], [71, -54, 29], [43, 34, -76]] -> 0 (label=0)
gray -> [[47, 8, -36], [53, -2, -10], [49, 67, -18]] -> 1 (label=1)
orange -> [[64, -30, 37], [81, -10, 77], [74, 7, 73]] -> 2 (label=2)
gray -> [[36, 68, -83], [62, -21, -7], [58, -12, -4]] -> 2 (label=2)
pink -> [[56, 94, -66], [55, -7, -7], [36, 72, -89]] -> 0 (label=0)
aqua -> [[62, -34, 16], [85, -63, 20], [52, 5, -6]] -> 1 (label=1)
green -> [[63, -19, 32], [66, 16, 61], [51, 27, 26]] -> 0 (label=0)
violet -> [[49, 38, -22], [48, 57, -42], [63, -29, 33]] -> 1 (label=1)
purple -> [[49, 60, -34], [48, 69, 34], [65, -28, -6]] -> 0 (label=0)
pink -> [[49, 71, -10], [49, 33, -12], [46, 55, -44]] -> 0 (label=0)
blue -> [[64, -20, -26], [77, 1, 75], [53, 83, -39]] -> 0 (label=0)
purple -> [[49, 8, -16], [59, -23, 8], [73, -48, 61]] -> 0 (label=0)
pink -> [[59, -21, 5], [57, 95, -66], [51, 67, 56]] -> 1 (label=1)
purple -> [[50, 18, -2], [40, 61, -65], [51, 73, -41]] -> 1 (label=1)
green -> [[63, 7, 45], [41, 33, -47], [63, -30, 3]] -> 2 (label=2)
purple -> [[50, 19, 13], [46, 46, -39], [79, -74, 60]] -> 1 (label=1)
blue -> [[49, 52, -28], [42, 27, -41], [47, 81, -70]] -> 1 (label=1)
pink -> [[50, 7, -12], [47, 58, -4], [59, -21, 22]] -> 1 (label=1)
blue -> [[53, -5, -20], [49, 71, 31], [52, 79, -34]] -> 0 (label=0)
yellow -> [[70, -39, 1], [86, -19, 81], [53, 39, 44]] -> 1 (label=1)
orange -> [[57, -17, 9], [74, 16, 76], [55, 92, -64]] -> 1 (label=1)
gray -> [[51, 16, -7], [49, 24, -6], [52, 2, -6]] -> 2 (label=2)
gray -> [[81, -72, 48], [53, 1, -1], [37, 53, -69]] -> 1 (label=1)
blue -> [[82, -80, 77], [42, 19, -47], [46, 43, -37]] -> 1 (label=1)
orange -> [[58, 37, 55], [53, 81, 1], [43, 47, -50]] -> 0 (label=0)
purple -> [[32, 65, -91], [89, -46, -16], [40, 51, -59]] -> 2 (label=2)
purple -> [[46, 72, -61], [39, 31, -53], [34, 52, -83]] -> 0 (label=0)
blue -> [[59, -17, -3], [56, 34, 48], [46, 31, -76]] -> 2 (label=2)
green -> [[54, -1, -43], [77, -31, 67], [49, 36, -26]] -> 1 (label=1)
green -> [[68, -53, 34], [58, -4, 17], [37, 64, -99]] -> 0 (label=0)
green -> [[44, 84, -87], [75, -72, 67], [69, -16, 47]] -> 1 (label=1)
green -> [[76, -23, 63], [51, 15, 11], [71, -38, 56]] -> 2 (label=2)
blue -> [[57, -16, 6], [61, -1, 33], [47, 12, -52]] -> 2 (label=2)
green -> [[92, -19, 89], [49, 36, -18], [88, -60, 83]] -> 2 (label=2)
yellow -> [[39, 36, -72], [67, -52, 36], [90, -53, 86]] -> 2 (label=2)
purple -> [[62, -13, 27], [47, 25, -26], [52, 76, 63]] -> 1 (label=1)
dull -> [[73, -20, -40], [48, 43, -18], [42, 71, -71]] -> 1 (label=1)
purple -> [[49, 38, -28], [44, 46, -45], [52, 78, -37]] -> 1 (label=1)
blue -> [[47, 35, -81], [41, 46, -54], [49, 6, -19]] -> 0 (label=0)
pink -> [[50, 31, -18], [55, 84, -4], [49, 52, -34]] -> 1 (label=1)
purple -> [[88, -74, 41], [58, -18, 18], [50, 31, -18]] -> 2 (label=2)
blue -> [[37, 42, -76], [41, 25, -45], [46, 64, -52]] -> 0 (label=0)
tan -> [[58, -24, 18], [55, -5, -2], [58, -5, 15]] -> 2 (label=2)
gray -> [[51, 12, -11], [49, 37, -22], [44, 36, -40]] -> 0 (label=0)
blue -> [[58, -18, 6], [37, 73, -88], [49, 73, 33]] -> 1 (label=1)
yellow -> [[85, -26, 80], [38, 41, -59], [57, -13, 3]] -> 0 (label=0)
purple -> [[49, 4, -27], [43, 43, -47], [40, 37, -52]] -> 1 (label=1)
red -> [[53, 77, 66], [59, -16, -6], [49, 61, -33]] -> 0 (label=0)
purple -> [[66, -7, -51], [52, 6, 5], [48, 47, -18]] -> 2 (label=2)
gray -> [[86, -51, 81], [57, -7, 11], [60, -1, 27]] -> 1 (label=1)
purple -> [[42, 21, -39], [61, -26, 28], [71, -5, 58]] -> 0 (label=0)
grass -> [[79, -14, 71], [50, 76, 4], [77, -72, 69]] -> 2 (label=2)
green -> [[64, -20, 35], [95, -30, 92], [47, 86, -79]] -> 1 (label=0)
neon -> [[52, -2, -17], [50, 18, -2], [88, -67, 84]] -> 2 (label=2)
green -> [[58, -13, 16], [69, -49, 24], [46, 53, 26]] -> 1 (label=1)
orange -> [[35, 46, -70], [69, -1, 56], [52, 54, 51]] -> 2 (label=2)
barney -> [[78, -43, 70], [60, 9, 40], [44, 70, -64]] -> 2 (label=2)
lavender -> [[64, 44, 71], [65, -21, 39], [56, -9, -4]] -> 2 (label=2)
olive -> [[53, 82, -41], [61, 16, 47], [65, -10, 34]] -> 0 (label=2)
brown -> [[54, -2, 0], [58, 2, 24], [54, 1, 6]] -> 2 (label=1)
blue -> [[44, 15, -39], [61, -5, -48], [68, -44, 49]] -> 1 (label=1)
green -> [[49, 60, -41], [53, 3, -3], [74, -66, 53]] -> 2 (label=2)
pink -> [[47, 8, -34], [56, 89, -26], [54, -2, -1]] -> 1 (label=1)
red -> [[35, 78, -101], [47, 63, 34], [50, 75, -6]] -> 1 (label=1)
turquoise -> [[61, 39, 64], [47, 41, 23], [89, -58, 4]] -> 2 (label=2)
gray -> [[78, -59, 70], [47, 62, 29], [54, 0, 0]] -> 2 (label=2)
gray -> [[51, 76, 61], [54, 0, 0], [73, 18, 75]] -> 1 (label=1)
gray -> [[53, -5, -20], [54, 0, 1], [82, -56, 76]] -> 1 (label=1)
pink -> [[63, 44, 68], [47, 59, 2], [54, 3, 8]] -> 1 (label=1)
gray -> [[56, 14, 29], [51, 9, 2], [40, 57, -65]] -> 1 (label=1)
green -> [[65, -32, 40], [86, -48, 82], [49, 5, -21]] -> 1 (label=0)
gray -> [[44, 22, -36], [54, -6, -10], [52, 19, -68]] -> 1 (label=1)
sage -> [[91, -47, 87], [57, -15, 5], [63, -40, 25]] -> 1 (label=2)
gray -> [[46, 56, 13], [66, -19, -33], [54, 1, 6]] -> 2 (label=2)
gray -> [[51, 2, -11], [50, 2, -20], [41, 23, -51]] -> 0 (label=0)
purple -> [[91, -28, 87], [42, 43, -50], [52, -2, -18]] -> 1 (label=1)
pink -> [[51, 3, -7], [55, 85, -1], [82, -78, 65]] -> 1 (label=1)
gray -> [[58, -10, 16], [49, 44, -29], [34, 56, -78]] -> 0 (label=0)
gray -> [[55, -7, 5], [50, 22, -18], [62, -31, 11]] -> 0 (label=0)
green -> [[41, 51, -91], [64, -45, 40], [50, 73, 4]] -> 1 (label=1)
pink -> [[48, 56, -14], [35, 49, -71], [78, -1, 76]] -> 0 (label=0)
blue -> [[67, -28, 44], [47, 37, 3], [61, -19, -9]] -> 2 (label=2)
pink -> [[45, 55, -47], [59, -14, 21], [51, 78, -52]] -> 2 (label=2)
gray -> [[53, -5, -20], [79, -29, 70], [45, 31, -74]] -> 0 (label=0)
orange -> [[50, 20, 14], [55, 43, 53], [83, -82, 79]] -> 1 (label=1)
gray -> [[55, 87, -48], [59, -30, 22], [75, -53, 14]] -> 1 (label=1)
purple -> [[43, 79, -79], [31, 67, -94], [37, 47, -82]] -> 0 (label=0)
blue -> [[48, 7, -41], [54, 0, 0], [47, 58, 0]] -> 0 (label=0)
grapes -> [[76, 4, 74], [48, 69, -50], [63, -32, 8]] -> 0 (label=1)
blue -> [[53, -1, -1], [40, 27, -49], [47, 22, -66]] -> 2 (label=2)
purple -> [[46, 74, -62], [37, 80, -98], [36, 35, -62]] -> 0 (label=0)
green -> [[77, -65, 70], [48, 5, -35], [46, 58, 19]] -> 0 (label=0)
gold -> [[71, 20, 72], [50, 39, 33], [50, 2, -38]] -> 2 (label=0)
mauve -> [[49, 32, -16], [44, 50, -48], [53, 70, 62]] -> 1 (label=0)
purple -> [[42, 36, -47], [32, 69, -94], [80, 4, 80]] -> 1 (label=0)
blue -> [[79, -53, 73], [54, 0, 0], [53, -5, -26]] -> 2 (label=2)
green -> [[78, -55, 71], [44, 27, -35], [69, -11, -48]] -> 0 (label=0)
yellow -> [[89, -61, 85], [83, -78, 63], [50, 76, -1]] -> 0 (label=0)
orange -> [[60, 43, 64], [87, -64, 83], [46, 11, -23]] -> 0 (label=0)
gray -> [[40, 53, -92], [39, 42, -56], [50, 2, -18]] -> 2 (label=2)
blue -> [[54, -1, 1], [41, 21, -46], [54, 85, -30]] -> 1 (label=1)
red -> [[43, 31, -72], [83, -73, 78], [46, 54, 31]] -> 2 (label=2)
green -> [[59, 9, 37], [86, -78, 58], [47, 41, -35]] -> 1 (label=1)
purple -> [[76, -43, -5], [65, -7, -50], [48, 85, -75]] -> 2 (label=2)
green -> [[57, -12, 13], [64, -34, 10], [68, -22, 47]] -> 1 (label=2)
yellow -> [[94, -23, 91], [54, 17, 27], [62, -28, 32]] -> 0 (label=0)
orange -> [[51, 50, 44], [52, 78, 29], [64, -45, 31]] -> 0 (label=0)
blue -> [[51, 17, -11], [48, 24, -24], [49, 4, -18]] -> 2 (label=2)
purple -> [[48, 52, -38], [56, -8, -7], [61, -15, 25]] -> 0 (label=0)
pink -> [[50, 7, -12], [48, 43, -10], [48, 20, -23]] -> 1 (label=1)
blue -> [[50, 2, -33], [52, 0, -11], [52, 81, -37]] -> 0 (label=0)
orange -> [[67, -12, -45], [54, 58, 58], [83, -30, 76]] -> 1 (label=1)
red -> [[85, -61, 80], [48, 69, 46], [53, 2, -1]] -> 1 (label=1)
orange -> [[84, -79, 65], [55, 23, 35], [39, 65, -72]] -> 1 (label=1)
green -> [[48, 25, 7], [55, -9, 4], [46, 11, -30]] -> 1 (label=1)
blue -> [[66, -47, 27], [67, -4, 48], [39, 34, -69]] -> 2 (label=2)
blue -> [[57, -14, 0], [59, -12, 20], [59, -19, 21]] -> 0 (label=0)
lavander -> [[50, 30, -19], [45, 49, -43], [42, 27, -41]] -> 0 (label=0)
blue -> [[64, 0, 44], [63, -15, -37], [55, 30, 41]] -> 1 (label=1)
purple -> [[57, 3, 23], [45, 34, -37], [51, 5, -7]] -> 1 (label=1)
blue -> [[45, 64, -56], [47, 11, -23], [47, 40, -33]] -> 1 (label=1)
green -> [[63, -42, 30], [49, 73, 12], [49, 7, -46]] -> 0 (label=0)
tan -> [[56, -17, 13], [55, -8, 4], [62, -8, 26]] -> 2 (label=2)
gray -> [[58, 1, 25], [53, 1, 0], [38, 33, -62]] -> 1 (label=1)
green -> [[54, -3, 3], [61, 12, 44], [80, -74, 57]] -> 2 (label=2)
purple -> [[46, 78, -66], [33, 63, -85], [36, 58, -93]] -> 0 (label=0)
blue -> [[49, 6, -16], [39, 40, -57], [47, 52, -42]] -> 1 (label=1)
blue -> [[76, -60, 29], [69, -54, 35], [75, -45, 2]] -> 2 (label=2)
green -> [[60, -1, -52], [69, -46, 17], [55, 84, 4]] -> 1 (label=1)
purple -> [[38, 80, -94], [53, 16, 21], [57, -16, 9]] -> 0 (label=0)
green -> [[74, -33, 61], [85, -54, 81], [81, -72, 49]] -> 2 (label=2)
green -> [[79, -11, 74], [79, -56, 72], [50, 56, 47]] -> 1 (label=1)
red -> [[54, 0, 5], [48, 43, -15], [46, 48, 29]] -> 2 (label=2)
lavender -> [[48, 55, -13], [49, 23, -1], [33, 55, -81]] -> 2 (label=1)
maroon -> [[57, -11, -28], [55, 17, 28], [91, -43, 87]] -> 1 (label=1)
yellow -> [[67, -28, 45], [52, 11, -58], [86, -25, 82]] -> 2 (label=2)
gray -> [[69, -13, 45], [88, -62, 83], [51, 12, -10]] -> 2 (label=2)
pink -> [[46, 47, -41], [83, -81, 78], [47, 60, 14]] -> 2 (label=2)
gray -> [[56, -6, 8], [85, -75, 80], [62, -9, 28]] -> 0 (label=0)
purple -> [[54, -3, -6], [48, 87, -78], [54, 87, -58]] -> 1 (label=1)
green -> [[37, 68, -80], [62, -39, 33], [78, -11, 71]] -> 1 (label=1)
purple -> [[50, 21, -3], [49, 12, -16], [53, 1, -2]] -> 0 (label=1)
blue -> [[66, -26, -14], [47, 38, -32], [54, 0, 0]] -> 0 (label=0)
pink -> [[50, 75, 3], [57, -15, 14], [55, 62, 62]] -> 0 (label=0)
blue -> [[54, 67, 63], [47, 33, 5], [66, -37, 8]] -> 2 (label=2)
pink -> [[44, 25, -35], [49, 65, -30], [44, 79, -75]] -> 1 (label=1)
pink -> [[50, 71, -35], [53, 1, 1], [49, 70, -48]] -> 0 (label=0)
pink -> [[48, 9, -47], [55, 88, -39], [68, -39, 48]] -> 1 (label=1)
green -> [[66, -51, 41], [45, 36, -36], [65, -18, -34]] -> 0 (label=0)
pink -> [[67, 12, 61], [48, 41, -8], [55, -8, -19]] -> 1 (label=1)
blue -> [[32, 61, -86], [55, -6, -2], [43, 74, -72]] -> 0 (label=0)
red -> [[51, 16, 14], [55, 4, -53], [49, 71, 44]] -> 2 (label=2)
green -> [[68, -17, 44], [56, 18, 35], [69, -7, 52]] -> 0 (label=0)
gray -> [[48, 38, -12], [53, -1, -1], [49, 19, -19]] -> 1 (label=1)
orange -> [[46, 50, 23], [85, -83, 79], [62, 30, 61]] -> 2 (label=2)
green -> [[49, 24, 15], [58, -13, -3], [57, -2, -48]] -> 1 (label=1)
pink -> [[50, 75, -6], [69, -31, -12], [50, 39, -26]] -> 0 (label=0)
gray -> [[51, -1, -16], [59, -8, -40], [54, -3, -3]] -> 2 (label=2)
green -> [[75, -71, 63], [52, 19, 21], [44, 24, -36]] -> 0 (label=0)
pink -> [[51, 5, -8], [54, 82, 20], [48, 36, 21]] -> 1 (label=1)
gray -> [[60, -14, -32], [55, -6, -2], [57, -12, -9]] -> 1 (label=1)
teal -> [[52, 6, -7], [48, 31, 18], [80, -50, 1]] -> 0 (label=2)
blue -> [[53, 0, -3], [34, 78, -103], [85, -81, 69]] -> 1 (label=1)
aqua -> [[55, 0, 9], [53, 42, 44], [72, -35, -11]] -> 2 (label=2)
gray -> [[49, 46, -24], [54, -2, -1], [45, 46, -42]] -> 1 (label=1)
purple -> [[51, 48, 43], [49, 25, -5], [42, 65, -65]] -> 2 (label=2)
purple -> [[34, 71, -90], [44, 81, -80], [82, -62, 77]] -> 1 (label=1)
green -> [[62, -37, 33], [47, 79, -66], [56, 41, 52]] -> 0 (label=0)
orange -> [[61, -12, 25], [54, 8, 15], [66, 19, 63]] -> 2 (label=2)
green -> [[86, -43, -17], [67, -47, 47], [48, 40, -15]] -> 1 (label=1)
barney -> [[78, -67, 71], [48, 42, -32], [53, 1, 0]] -> 1 (label=1)
blue -> [[67, -13, -44], [82, -57, 77], [47, 34, 3]] -> 0 (label=0)
lime -> [[79, -10, 74], [77, -45, 68], [49, 51, -29]] -> 0 (label=1)
sky -> [[73, 7, 71], [54, -3, 2], [46, 24, -67]] -> 2 (label=2)
pink -> [[56, 29, 43], [50, 27, -17], [44, 26, -35]] -> 0 (label=1)
lavender -> [[40, 79, -89], [37, 51, -86], [43, 57, -55]] -> 1 (label=2)
yellow -> [[62, -23, 31], [87, -52, -4], [96, -25, 93]] -> 2 (label=2)
blue -> [[72, -35, -9], [73, -53, 60], [48, 54, -23]] -> 0 (label=0)
gray -> [[54, 86, -52], [52, 0, -8], [46, 41, 13]] -> 1 (label=1)
purple -> [[32, 56, -84], [45, 23, -33], [51, 11, 9]] -> 0 (label=1)
green -> [[37, 71, -84], [82, -78, 67], [82, -30, 76]] -> 1 (label=1)
aqua -> [[80, -59, 18], [75, -58, 28], [88, -85, 76]] -> 2 (label=0)
purple -> [[65, -25, -11], [41, 22, -43], [84, -76, 54]] -> 1 (label=1)
orange -> [[53, 1, -2], [34, 78, -103], [64, 24, 61]] -> 2 (label=2)
blue -> [[53, -3, -34], [54, -3, -7], [87, -80, 60]] -> 0 (label=0)
green -> [[50, 2, -21], [53, -2, -9], [50, 1, -29]] -> 1 (label=1)
purple -> [[48, 31, 4], [52, 78, -47], [76, -2, 72]] -> 1 (label=1)
purple -> [[41, 51, -57], [50, 26, 21], [51, 7, -51]] -> 0 (label=0)
pink -> [[53, 9, 12], [36, 40, -70], [50, 75, -21]] -> 2 (label=2)
gray -> [[58, -15, 18], [55, -4, 7], [58, -27, 20]] -> 1 (label=1)
green -> [[47, 11, -23], [82, -59, 14], [65, -24, -19]] -> 1 (label=1)
blue -> [[76, -64, 67], [53, 66, 61], [70, -34, -7]] -> 2 (label=2)
green -> [[56, 0, 12], [83, -74, 78], [80, 5, 81]] -> 1 (label=1)
green -> [[52, 79, 58], [44, 79, -75], [64, -47, 40]] -> 2 (label=2)
orange -> [[62, 51, 70], [72, -65, 52], [51, 16, -5]] -> 0 (label=0)
green -> [[47, 51, 33], [87, -83, 82], [70, -7, 56]] -> 1 (label=1)
gray -> [[53, 2, -1], [58, -17, 1], [55, -9, -13]] -> 0 (label=0)
blue -> [[53, -5, -27], [54, -1, 2], [48, 20, -23]] -> 0 (label=0)
aqua -> [[55, 85, -8], [89, -54, -2], [61, 45, 65]] -> 1 (label=1)
gray -> [[50, 24, -8], [79, -72, 57], [38, 41, -60]] -> 0 (label=0)
green -> [[80, -61, 24], [46, 58, 19], [78, -57, 71]] -> 2 (label=2)
yellow -> [[46, 31, -33], [59, -8, -42], [74, 22, 77]] -> 2 (label=2)
gray -> [[62, -8, 26], [47, 43, 26], [54, 0, 0]] -> 2 (label=2)
mustard -> [[80, 12, 82], [74, -17, 58], [52, 7, -5]] -> 2 (label=0)
orange -> [[47, 51, -3], [77, -31, 67], [66, 28, 67]] -> 2 (label=2)
pink -> [[82, -63, 77], [53, 1, -1], [47, 39, 7]] -> 2 (label=2)
green -> [[67, -25, -22], [47, 18, -25], [83, -71, 78]] -> 2 (label=2)
pink -> [[67, 8, 58], [54, 0, 0], [48, 34, 1]] -> 2 (label=2)
gray -> [[52, 83, -57], [68, -56, 41], [54, -7, -24]] -> 2 (label=2)
blue -> [[47, 39, 9], [53, 18, -69], [42, 44, -49]] -> 1 (label=1)
gray -> [[50, 14, 2], [71, -58, 39], [49, 21, -68]] -> 0 (label=0)
teal -> [[48, 68, 8], [80, -53, 8], [57, -13, 13]] -> 2 (label=1)
yellow -> [[74, 8, 73], [52, 78, 51], [76, -51, 66]] -> 0 (label=0)
gray -> [[54, -1, 1], [56, -4, 8], [61, -20, -11]] -> 0 (label=0)
gray -> [[87, -85, 81], [59, -13, 20], [46, 11, -33]] -> 1 (label=1)
green -> [[68, -49, 25], [61, -32, 20], [69, -60, 52]] -> 2 (label=2)
orange -> [[50, 84, -64], [65, -31, 40], [54, 59, 60]] -> 2 (label=2)
purple -> [[42, 31, -43], [87, -84, 76], [50, 2, -31]] -> 0 (label=0)
green -> [[69, -7, 52], [69, -31, 49], [48, 59, -21]] -> 1 (label=1)
blue -> [[47, 45, 4], [71, -35, -8], [77, -68, 46]] -> 1 (label=1)
blue -> [[35, 74, -92], [39, 70, -78], [51, 18, -12]] -> 0 (label=0)
orange -> [[54, 83, -5], [45, 44, -40], [58, 38, 56]] -> 2 (label=2)
cyan -> [[72, -65, 53], [77, -62, 29], [86, -74, 81]] -> 2 (label=1)
orange -> [[57, 20, 39], [51, 16, -6], [88, -45, -16]] -> 0 (label=0)
yellow -> [[50, 14, -61], [87, -13, 85], [90, -50, -10]] -> 1 (label=1)
gray -> [[54, 0, 0], [47, 39, 4], [40, 29, -64]] -> 0 (label=0)
blue -> [[42, 63, -64], [38, 44, -80], [41, 46, -55]] -> 1 (label=1)
green -> [[58, -20, 7], [88, -66, 22], [50, 31, -17]] -> 1 (label=1)
purple -> [[46, 35, -35], [51, 9, 3], [63, 0, 42]] -> 0 (label=0)
green -> [[37, 39, -60], [79, -32, -27], [85, -79, 62]] -> 2 (label=2)
grass -> [[87, -7, 86], [60, -28, 17], [37, 43, -63]] -> 0 (label=1)
olive -> [[70, -34, 53], [84, -57, 80], [91, -52, 87]] -> 0 (label=0)
purple -> [[49, 4, -25], [51, 3, -7], [44, 27, -35]] -> 2 (label=2)
purple -> [[34, 46, -72], [34, 78, -102], [42, 59, -61]] -> 2 (label=2)
aqua -> [[87, -71, 35], [39, 42, -57], [74, -13, 60]] -> 0 (label=0)
gray -> [[50, 22, -8], [53, 1, 0], [48, 13, -21]] -> 1 (label=1)
purple -> [[49, 62, -32], [45, 36, -80], [58, -5, 13]] -> 0 (label=0)
pink -> [[48, 39, -5], [51, 19, -10], [46, 40, 13]] -> 2 (label=0)
orange -> [[32, 68, -96], [51, 0, -28], [58, 54, 64]] -> 2 (label=2)
gray -> [[57, -15, 8], [55, -6, -8], [54, -1, -1]] -> 2 (label=2)
pink -> [[50, 89, -77], [42, 31, -43], [41, 82, -91]] -> 0 (label=0)
purple -> [[40, 79, -86], [63, 43, 68], [53, 3, 0]] -> 0 (label=0)
aqua -> [[69, -13, 46], [73, -51, 17], [84, -73, 45]] -> 2 (label=1)
pink -> [[51, 79, -17], [69, -39, 4], [52, 10, -57]] -> 0 (label=0)
purple -> [[83, -38, -23], [58, -4, -46], [50, 76, -52]] -> 2 (label=2)
gray -> [[79, -6, 75], [75, -64, 40], [54, 0, 0]] -> 2 (label=2)
red -> [[47, 59, -2], [50, 27, -16], [57, -13, 13]] -> 0 (label=0)
pink -> [[57, -4, 11], [53, 81, -50], [48, 59, -43]] -> 1 (label=1)
red -> [[48, 24, 5], [67, -6, 48], [50, 75, 53]] -> 2 (label=2)
pink -> [[38, 65, -76], [60, -12, 22], [47, 38, 10]] -> 2 (label=2)
gray -> [[68, -17, 45], [88, -83, 67], [53, 6, 6]] -> 2 (label=2)
green -> [[56, -4, 9], [50, 14, 3], [62, -37, 24]] -> 2 (label=2)
yellow -> [[62, -32, 31], [75, -69, 56], [79, -30, 71]] -> 2 (label=2)
red -> [[72, -20, -38], [54, 0, 0], [51, 70, 59]] -> 2 (label=2)
gold -> [[53, 6, 10], [61, -3, 30], [54, -2, 2]] -> 1 (label=1)
lavender -> [[50, 21, -11], [49, 33, 24], [44, 72, -65]] -> 2 (label=0)
green -> [[67, -46, 25], [78, -8, 73], [54, -6, 3]] -> 0 (label=0)
yellow -> [[73, 7, 70], [44, 26, -67], [73, -42, 61]] -> 0 (label=0)
green -> [[38, 34, -65], [57, -13, 4], [65, -50, 42]] -> 2 (label=2)
green -> [[36, 39, -68], [66, -16, 39], [47, 47, -9]] -> 1 (label=1)
pink -> [[49, 72, 6], [45, 25, -33], [46, 48, 22]] -> 0 (label=0)
purple -> [[44, 25, -37], [45, 59, -51], [54, -5, -10]] -> 1 (label=1)
red -> [[38, 51, -88], [47, 60, 12], [52, 76, 63]] -> 2 (label=2)
gray -> [[54, 0, 0], [42, 47, -50], [85, -68, 31]] -> 0 (label=0)
purple -> [[84, -47, -8], [48, 88, -79], [38, 65, -76]] -> 1 (label=1)
green -> [[56, 1, 16], [67, -51, 34], [33, 74, -104]] -> 1 (label=1)
blue -> [[54, -6, 3], [79, -53, 72], [65, -20, -29]] -> 2 (label=2)
purple -> [[47, 38, 4], [48, 40, -32], [65, -8, 38]] -> 1 (label=1)
yellow -> [[42, 77, -78], [68, -20, 46], [51, 71, 59]] -> 1 (label=1)
blue -> [[42, 75, -75], [45, 43, -41], [34, 77, -99]] -> 2 (label=2)
gray -> [[53, 4, -3], [36, 41, -71], [92, -20, 89]] -> 0 (label=0)
pink -> [[50, 21, 17], [44, 50, -47], [63, -42, 37]] -> 1 (label=0)
red -> [[54, 85, -30], [48, 63, 47], [65, -44, 26]] -> 1 (label=1)
gray -> [[51, 5, -47], [46, 31, -76], [48, 6, -21]] -> 2 (label=2)
brown -> [[79, -7, 74], [54, 4, 11], [53, 2, 2]] -> 1 (label=1)
purple -> [[87, -79, 55], [53, 0, -5], [46, 72, -61]] -> 2 (label=2)
gray -> [[51, 2, -9], [55, -7, -30], [50, 76, -11]] -> 0 (label=0)
pink -> [[48, 51, -19], [77, -71, 57], [45, 49, -45]] -> 0 (label=0)
blue -> [[40, 27, -58], [88, -24, 84], [54, 84, -6]] -> 0 (label=0)
teal -> [[65, -25, -14], [47, 24, -69], [78, -74, 71]] -> 0 (label=0)
blue -> [[51, 11, 0], [91, -37, 87], [54, -7, -22]] -> 2 (label=2)
purple -> [[48, 25, 7], [38, 49, -63], [60, -9, 21]] -> 1 (label=1)
blue -> [[34, 76, -98], [46, 42, -37], [44, 32, -38]] -> 0 (label=0)
mauve -> [[75, 1, 71], [35, 47, -78], [49, 31, -15]] -> 1 (label=2)
teal -> [[49, 8, -47], [70, -53, 56], [86, -75, 47]] -> 0 (label=2)
magenta -> [[48, 48, -22], [50, 20, -6], [49, 68, -9]] -> 0 (label=2)
gray -> [[54, 1, -46], [48, 47, -34], [56, -4, 8]] -> 2 (label=2)
green -> [[69, -51, 30], [81, -53, 5], [75, -55, 19]] -> 0 (label=0)
red -> [[46, 33, -32], [47, 61, -2], [50, 32, -20]] -> 1 (label=1)
pink -> [[57, 10, 31], [51, 76, -36], [48, 19, -21]] -> 1 (label=1)
purple -> [[76, -61, 68], [52, 6, -6], [50, 24, -13]] -> 2 (label=2)
blue -> [[48, 33, -6], [55, 18, 30], [38, 35, -67]] -> 2 (label=2)
green -> [[63, -37, 34], [60, -17, -20], [47, 65, 45]] -> 0 (label=0)
blue -> [[34, 70, -91], [56, -9, 10], [52, 79, 1]] -> 0 (label=0)
blue -> [[52, 10, 8], [37, 74, -87], [70, 27, 74]] -> 1 (label=1)
mauve -> [[51, 12, -6], [50, 8, -11], [83, -81, 74]] -> 2 (label=0)
purple -> [[43, 82, -84], [36, 41, -71], [35, 61, -94]] -> 0 (label=0)
neon -> [[71, -59, 42], [51, 19, -12], [54, -6, 4]] -> 0 (label=0)
brown -> [[47, 38, 4], [51, 17, -66], [51, 12, -5]] -> 2 (label=2)
olive -> [[64, -33, 6], [66, -50, 44], [61, -21, 27]] -> 2 (label=2)
green -> [[57, -16, 9], [76, -20, 64], [54, 6, 12]] -> 1 (label=0)
green -> [[56, -9, -2], [85, -81, 70], [67, -19, 42]] -> 1 (label=1)
blue -> [[42, 19, -40], [46, 51, -43], [55, 60, 63]] -> 0 (label=0)
blue -> [[36, 47, -67], [58, -4, -47], [64, -17, 33]] -> 0 (label=1)
neon -> [[80, -77, 74], [67, -43, 46], [82, -71, 45]] -> 0 (label=0)
blue -> [[48, 50, -17], [52, 6, 0], [36, 49, -69]] -> 2 (label=2)
green -> [[58, -16, 3], [54, 0, 1], [52, 1, -6]] -> 0 (label=0)
green -> [[62, -40, 34], [60, -13, 21], [57, 48, 59]] -> 0 (label=0)
purple -> [[51, 78, -26], [78, -53, 10], [48, 72, -54]] -> 2 (label=2)
yellow -> [[89, -11, 87], [46, 55, 16], [53, 4, 3]] -> 0 (label=0)
purple -> [[42, 71, -69], [57, -6, 13], [57, -5, -42]] -> 0 (label=0)
orange -> [[55, -6, 6], [75, 14, 76], [51, 17, -14]] -> 1 (label=1)
purple -> [[32, 60, -88], [49, 32, -12], [63, -43, 37]] -> 0 (label=1)
green -> [[70, -61, 54], [38, 35, -67], [54, 0, 0]] -> 0 (label=0)
red -> [[49, 17, 7], [49, 73, 29], [48, 31, -3]] -> 1 (label=1)
mauve -> [[49, 52, -36], [62, -40, 29], [49, 25, 16]] -> 0 (label=2)
green -> [[54, 85, -44], [71, -45, 56], [62, -25, -2]] -> 1 (label=1)
green -> [[47, 59, -46], [61, -20, -9], [78, -37, 69]] -> 2 (label=2)
neon -> [[55, -8, -9], [91, -37, 87], [64, -4, 40]] -> 1 (label=1)
purple -> [[59, -13, 19], [89, -57, 2], [48, 39, -10]] -> 2 (label=2)
blood -> [[48, 57, -41], [47, 36, 0], [51, 23, -15]] -> 1 (label=1)
purple -> [[76, -43, -5], [72, -41, 58], [47, 31, 5]] -> 2 (label=2)
pink -> [[52, 78, 44], [73, -16, 55], [53, 82, -46]] -> 2 (label=2)
green -> [[54, -4, -2], [59, -15, -10], [57, -16, 9]] -> 2 (label=2)
yellow -> [[40, 25, -54], [68, -58, 51], [88, -48, 84]] -> 2 (label=2)
red -> [[63, 49, 70], [46, 53, 9], [66, -42, 43]] -> 0 (label=1)
gray -> [[81, -65, 75], [51, 16, -7], [36, 61, -95]] -> 1 (label=1)
purple -> [[52, 28, 31], [77, -71, 70], [47, 68, -51]] -> 2 (label=2)
green -> [[78, -71, 56], [50, 30, -20], [54, -2, 0]] -> 0 (label=0)
blue -> [[69, -21, -35], [59, -1, 25], [68, -31, -7]] -> 0 (label=0)
yellow -> [[60, 2, 31], [74, -4, 67], [65, -25, 38]] -> 1 (label=1)
blue -> [[54, 18, 27], [32, 78, -106], [90, -45, 87]] -> 1 (label=1)
pink -> [[49, 71, 6], [84, -8, 83], [74, -36, -14]] -> 0 (label=0)
yellow -> [[53, 48, 50], [41, 76, -80], [91, -35, 88]] -> 2 (label=2)
purple -> [[47, 74, -60], [55, 27, 38], [65, -24, -19]] -> 0 (label=0)
blue -> [[45, 80, -73], [85, -80, 68], [68, -31, -8]] -> 2 (label=2)
yellow -> [[47, 44, 26], [53, -2, -10], [92, -31, 88]] -> 2 (label=2)
purple -> [[47, 9, -23], [50, 21, -17], [52, 4, 1]] -> 1 (label=1)
blue -> [[68, -21, -33], [88, -79, 54], [45, 26, -33]] -> 0 (label=0)
gray -> [[63, -30, 35], [58, -12, -6], [55, -6, 2]] -> 2 (label=2)
purple -> [[60, 5, 35], [54, 85, -46], [68, -17, -39]] -> 1 (label=1)
red -> [[39, 47, -59], [44, 37, -40], [48, 30, -27]] -> 2 (label=2)
blue -> [[37, 42, -63], [45, 38, -39], [50, 3, -19]] -> 0 (label=0)
green -> [[58, -10, 15], [65, -37, 11], [71, 21, 73]] -> 1 (label=1)
gray -> [[73, -52, 61], [53, 0, -1], [32, 69, -94]] -> 1 (label=1)
purple -> [[89, -52, -6], [37, 73, -87], [39, 52, -90]] -> 1 (label=1)
gray -> [[32, 74, -103], [59, -27, 22], [54, 0, 5]] -> 2 (label=2)
blue -> [[58, 11, 34], [71, -58, 39], [49, 7, -46]] -> 2 (label=2)
aqua -> [[69, -50, 24], [45, 12, -28], [48, 68, 8]] -> 0 (label=0)
green -> [[48, 55, 40], [69, -58, 52], [86, -11, 84]] -> 1 (label=1)
blue -> [[60, 22, 50], [40, 30, -64], [49, 72, -8]] -> 1 (label=1)
gray -> [[84, -82, 79], [52, 7, 4], [52, 5, 0]] -> 1 (label=2)
green -> [[49, 74, -54], [47, 8, -32], [65, -43, 25]] -> 2 (label=2)
purple -> [[35, 56, -89], [45, 56, -49], [56, -4, 9]] -> 1 (label=1)
blue -> [[32, 61, -90], [84, -15, 79], [74, 18, 76]] -> 0 (label=0)
cyan -> [[41, 43, -83], [49, 62, -34], [83, -47, -8]] -> 0 (label=2)
pink -> [[52, 5, 1], [48, 37, -6], [50, 24, -14]] -> 1 (label=1)
pink -> [[58, 95, -62], [41, 70, -73], [83, -51, -1]] -> 0 (label=0)
purple -> [[47, 36, 20], [52, 12, -8], [40, 64, -68]] -> 2 (label=2)
green -> [[56, 54, 61], [44, 16, -45], [76, -63, 34]] -> 2 (label=2)
orange -> [[64, -39, 19], [71, 24, 73], [56, -1, -48]] -> 1 (label=1)
green -> [[50, 70, 56], [54, 13, 23], [82, -78, 77]] -> 2 (label=2)
mauve -> [[43, 36, -43], [53, -3, -35], [49, 32, -24]] -> 0 (label=2)
mauve -> [[48, 32, -5], [48, 52, 37], [54, 4, 9]] -> 0 (label=0)
brown -> [[84, -13, 80], [50, 23, -71], [49, 46, 34]] -> 2 (label=2)
green -> [[66, -51, 42], [48, 59, 43], [61, -12, 26]] -> 0 (label=0)
blue -> [[37, 57, -72], [38, 37, -71], [69, -58, 54]] -> 1 (label=1)
green -> [[58, -4, 17], [54, 0, 0], [50, 29, 24]] -> 0 (label=0)
aqua -> [[82, -72, 77], [53, 3, 0], [83, -53, 2]] -> 0 (label=2)
gray -> [[52, 3, -3], [69, -33, -6], [55, 4, -53]] -> 0 (label=0)
purple -> [[45, 67, -56], [66, -37, 42], [38, 30, -55]] -> 0 (label=0)
green -> [[54, -4, 2], [59, -6, 19], [59, -25, 23]] -> 2 (label=2)
gray -> [[66, -39, 13], [45, 36, -38], [53, 1, 0]] -> 2 (label=2)
gray -> [[49, 36, -19], [52, 11, -4], [73, -56, 28]] -> 1 (label=1)
blue -> [[50, 12, -13], [50, 1, -30], [61, -22, -1]] -> 1 (label=1)
green -> [[69, 15, 67], [79, -34, -26], [69, -20, 48]] -> 2 (label=2)
gray -> [[69, -38, 51], [48, 7, -18], [54, 0, 0]] -> 2 (label=2)
green -> [[48, 24, 11], [63, -28, 33], [43, 83, -88]] -> 1 (label=1)
green -> [[46, 84, -80], [49, 59, 45], [70, -51, 22]] -> 2 (label=2)
purple -> [[65, -36, 8], [48, 35, -29], [52, 9, 7]] -> 1 (label=1)
blue -> [[71, -33, -14], [77, -65, 39], [53, 81, 13]] -> 0 (label=0)
violet -> [[50, 76, 4], [48, 21, -22], [60, -30, 20]] -> 1 (label=1)
red -> [[47, 63, 34], [77, -66, 41], [52, 7, 0]] -> 0 (label=0)
tan -> [[54, 5, 10], [49, 10, -15], [54, 0, 0]] -> 0 (label=0)
purple -> [[37, 52, -68], [83, -64, 78], [33, 59, -90]] -> 0 (label=0)
teal -> [[83, -52, 1], [40, 24, -46], [67, -46, 47]] -> 1 (label=0)
green -> [[89, -74, 85], [61, -18, -25], [59, -2, 22]] -> 0 (label=0)
yellow -> [[50, 7, -48], [82, -78, 65], [85, -45, 81]] -> 2 (label=2)
green -> [[72, 26, 76], [51, 73, -40], [72, -61, 40]] -> 2 (label=2)
grapes -> [[55, -7, 7], [47, 13, -22], [72, -55, 60]] -> 1 (label=1)
blue -> [[39, 32, -53], [57, -20, 17], [45, 34, -37]] -> 0 (label=0)
pink -> [[49, 54, -35], [54, 86, -45], [56, 92, -62]] -> 2 (label=1)
blue -> [[44, 65, -60], [46, 43, -37], [37, 68, -81]] -> 2 (label=2)
purple -> [[40, 52, -59], [47, 45, -2], [52, 0, -38]] -> 0 (label=0)
red -> [[53, 2, -2], [46, 43, 24], [70, -58, 42]] -> 1 (label=1)
pink -> [[55, 89, -56], [80, -77, 74], [74, 3, 70]] -> 0 (label=0)
purple -> [[40, 34, -50], [54, 0, 2], [78, -73, 61]] -> 0 (label=0)
green -> [[48, 14, -19], [69, -37, 50], [43, 83, -87]] -> 1 (label=1)
gray -> [[48, 29, 9], [51, 9, 1], [62, -31, 31]] -> 1 (label=1)
orange -> [[54, 42, 47], [38, 34, -57], [54, 1, 4]] -> 0 (label=0)
green -> [[59, -22, 22], [36, 55, -89], [47, 37, 11]] -> 0 (label=0)
purple -> [[42, 23, -41], [65, -36, 10], [33, 70, -93]] -> 2 (label=0)
orange -> [[64, 11, 53], [73, 18, 75], [50, 29, -16]] -> 0 (label=1)
pink -> [[50, 32, -22], [48, 41, -12], [50, 18, -15]] -> 1 (label=1)
purple -> [[54, -3, 3], [54, 90, -66], [45, 64, -56]] -> 2 (label=2)
orange -> [[47, 66, 26], [66, 13, 59], [54, 0, 3]] -> 1 (label=1)
brown -> [[47, 18, -25], [62, -10, 27], [71, -33, 55]] -> 1 (label=1)
pink -> [[40, 32, -51], [35, 60, -78], [44, 60, -53]] -> 2 (label=2)
tan -> [[50, 12, 3], [54, 0, 0], [55, 2, 12]] -> 0 (label=2)
gray -> [[51, 5, -9], [47, 38, -32], [43, 18, -38]] -> 0 (label=0)
blue -> [[34, 78, -103], [75, -16, 60], [47, 60, 1]] -> 0 (label=0)
purple -> [[50, 18, -2], [50, 75, 1], [49, 30, -8]] -> 2 (label=2)
pink -> [[55, -7, 3], [85, -73, 80], [51, 76, -27]] -> 2 (label=2)
yellow -> [[61, -35, 31], [87, -19, 83], [58, 21, 45]] -> 1 (label=1)
yellow -> [[60, -18, -9], [83, -34, 77], [41, 79, -85]] -> 1 (label=1)
red -> [[54, -1, 1], [61, -30, 10], [52, 58, 53]] -> 2 (label=2)
yellow -> [[84, -82, 77], [85, -8, 84], [49, 4, -18]] -> 1 (label=1)
blue -> [[49, 16, -61], [51, 0, -24], [46, 67, -56]] -> 0 (label=0)
blue -> [[70, -45, 11], [85, -71, 37], [65, -44, 26]] -> 0 (label=0)
purple -> [[52, 5, 1], [91, -27, 88], [49, 50, -32]] -> 2 (label=2)
blue -> [[50, 70, -39], [50, 6, -47], [81, -74, 76]] -> 1 (label=1)
green -> [[78, -65, 71], [39, 82, -95], [83, -57, 9]] -> 0 (label=0)
yellow -> [[78, -57, 18], [75, -6, 68], [47, 9, -38]] -> 1 (label=1)
green -> [[57, 11, 31], [61, -32, 18], [39, 75, -82]] -> 1 (label=1)
pink -> [[61, -4, 28], [51, 77, -36], [57, 6, -58]] -> 1 (label=1)
purple -> [[52, 9, 7], [50, 17, -6], [54, 2, 7]] -> 1 (label=1)
orange -> [[54, 0, 0], [81, -76, 65], [55, 50, 55]] -> 2 (label=2)
gray -> [[59, -25, 21], [40, 42, -55], [76, -13, 65]] -> 0 (label=0)
green -> [[74, -61, 37], [81, -10, 77], [50, 70, -40]] -> 0 (label=0)
purple -> [[58, -24, 18], [40, 40, -53], [88, -7, 87]] -> 1 (label=1)
blue -> [[38, 75, -85], [62, -20, -22], [50, 14, 1]] -> 0 (label=1)
red -> [[38, 67, -78], [50, 16, 6], [48, 67, 19]] -> 2 (label=2)
aqua -> [[72, -8, 58], [48, 61, -13], [66, -33, 1]] -> 2 (label=2)
green -> [[78, -45, -5], [49, 33, -24], [63, -45, 38]] -> 2 (label=2)
yellow -> [[78, -22, 67], [52, 6, 1], [46, 61, -50]] -> 0 (label=0)
gray -> [[52, 13, -8], [50, 3, -15], [54, -2, -1]] -> 2 (label=2)
blue -> [[56, -4, -41], [77, -60, 25], [48, 33, -6]] -> 0 (label=0)
brown -> [[53, -5, -23], [60, 0, 29], [59, 11, 38]] -> 2 (label=2)
gray -> [[35, 43, -67], [52, 8, -7], [60, -28, 26]] -> 1 (label=1)
green -> [[50, 70, -41], [53, -1, -7], [72, -65, 53]] -> 2 (label=2)
purple -> [[89, -56, 85], [59, -15, -15], [50, 87, -73]] -> 2 (label=2)
blue -> [[46, 57, 34], [71, -47, 14], [63, -21, -21]] -> 2 (label=2)
yellow -> [[87, -33, 83], [55, -8, 6], [59, 55, 67]] -> 0 (label=0)
purple -> [[80, -51, 3], [64, -16, 33], [45, 19, -29]] -> 2 (label=2)
orange -> [[63, 28, 62], [56, -10, -27], [35, 77, -98]] -> 0 (label=0)
blue -> [[53, 83, -43], [31, 68, -96], [71, -48, 16]] -> 1 (label=1)
blue -> [[53, 42, 46], [47, 40, 4], [68, -29, -14]] -> 2 (label=2)
green -> [[71, -56, 57], [59, -15, -13], [46, 54, 17]] -> 0 (label=0)
red -> [[47, 45, -8], [46, 57, 27], [62, -27, 5]] -> 1 (label=1)
purple -> [[49, 3, -24], [45, 26, -32], [54, -6, 5]] -> 1 (label=1)
blue -> [[67, -36, 4], [52, 11, 10], [80, -41, -12]] -> 2 (label=2)
tan -> [[36, 62, -97], [58, -10, 16], [50, 76, -3]] -> 2 (label=1)
purple -> [[71, -46, 10], [49, 22, 0], [54, 83, -7]] -> 1 (label=1)
pink -> [[48, 40, -13], [49, 14, -16], [50, 14, 8]] -> 0 (label=0)
purple -> [[54, 0, 0], [48, 54, -38], [37, 62, -76]] -> 1 (label=2)
blue -> [[71, -58, 58], [54, 0, 0], [60, -17, -6]] -> 2 (label=2)
caca -> [[45, 15, -50], [78, -21, 68], [69, -42, 10]] -> 1 (label=1)
sage -> [[68, -50, 27], [75, -57, 65], [61, -34, 21]] -> 2 (label=2)
blue -> [[39, 68, -75], [33, 66, -88], [50, 2, -27]] -> 1 (label=1)
blue -> [[49, 47, -32], [56, 31, 45], [32, 64, -91]] -> 2 (label=2)
blue -> [[50, 60, -38], [61, 41, 64], [40, 27, -59]] -> 2 (label=2)
purple -> [[39, 36, -71], [47, 61, 42], [47, 80, -67]] -> 2 (label=2)
blue -> [[32, 70, -96], [50, 20, -2], [56, 63, 65]] -> 0 (label=0)
red -> [[39, 54, -64], [47, 30, 12], [77, -70, 69]] -> 1 (label=1)
blue -> [[50, 75, 32], [36, 37, -66], [53, 6, 8]] -> 1 (label=1)
green -> [[69, -46, 53], [49, 66, 52], [40, 33, -51]] -> 0 (label=0)
green -> [[44, 58, -54], [80, -78, 70], [81, -44, -10]] -> 1 (label=1)
purple -> [[51, 18, -10], [58, 1, -54], [71, -37, 55]] -> 0 (label=0)
teal -> [[62, -41, 33], [75, -69, 56], [82, -60, 16]] -> 0 (label=2)
green -> [[48, 68, 25], [57, 0, 15], [75, -54, 66]] -> 2 (label=2)
pink -> [[49, 23, 1], [47, 59, 6], [50, 21, 17]] -> 1 (label=1)
concrete -> [[47, 63, 27], [48, 15, -21], [62, -16, 28]] -> 0 (label=2)
olive -> [[62, 3, 38], [65, -17, 38], [79, -12, 73]] -> 0 (label=1)
brown -> [[56, 14, 29], [53, 82, -10], [33, 67, -90]] -> 0 (label=0)
khaki -> [[79, -32, -28], [57, 14, 33], [50, 14, -14]] -> 0 (label=1)
green -> [[51, 78, 12], [76, -42, 65], [60, -3, 24]] -> 1 (label=1)
orange -> [[75, 17, 77], [56, -13, 10], [87, -84, 76]] -> 0 (label=0)
blue -> [[56, -10, 10], [55, -1, 7], [57, -11, -7]] -> 2 (label=2)
gray -> [[50, 6, -12], [58, -3, 17], [55, -9, -10]] -> 0 (label=2)
yellow -> [[48, 29, -25], [51, 20, 17], [86, -42, 81]] -> 2 (label=2)
green -> [[59, -30, 24], [64, 9, 51], [42, 38, -47]] -> 0 (label=0)
orange -> [[71, -36, -7], [61, 9, 44], [85, -81, 80]] -> 1 (label=1)
purple -> [[42, 30, -68], [38, 51, -64], [33, 61, -91]] -> 1 (label=1)
gray -> [[56, -10, 3], [59, -29, 19], [48, 60, -20]] -> 0 (label=0)
pink -> [[48, 9, -47], [74, -43, -1], [55, 86, -36]] -> 2 (label=2)
pink -> [[52, 6, 5], [50, 34, 28], [47, 39, -3]] -> 2 (label=2)
gray -> [[53, 4, -3], [49, 44, -22], [63, -31, 35]] -> 0 (label=0)
purple -> [[80, -38, -19], [44, 22, -60], [60, -30, 27]] -> 1 (label=1)
green -> [[53, 3, 2], [37, 69, -82], [74, -61, 64]] -> 2 (label=2)
green -> [[80, -59, 74], [69, -6, 53], [53, 1, -3]] -> 0 (label=0)
purple -> [[85, -81, 68], [38, 36, -56], [44, 34, -76]] -> 1 (label=1)
brown -> [[51, 9, -54], [88, -74, 42], [54, 11, 20]] -> 2 (label=2)
green -> [[70, -30, -16], [81, -77, 67], [77, -12, 68]] -> 1 (label=1)
green -> [[55, 52, 58], [36, 77, -95], [90, -56, 86]] -> 2 (label=2)
blue -> [[45, 12, -36], [57, -13, 4], [39, 37, -54]] -> 2 (label=0)
red -> [[34, 55, -86], [54, 84, -28], [52, 72, 62]] -> 2 (label=2)
tan -> [[61, -32, 29], [62, -4, 33], [45, 79, -71]] -> 1 (label=1)
pink -> [[77, -71, 69], [57, -13, 14], [48, 53, -16]] -> 2 (label=2)
yellow -> [[57, -4, 12], [85, -53, 81], [36, 50, -70]] -> 1 (label=1)
blue -> [[73, -60, 38], [60, -18, -8], [50, 53, 45]] -> 1 (label=1)
green -> [[48, 64, 47], [63, 43, 68], [76, -57, 22]] -> 2 (label=2)
gray -> [[55, -4, 0], [71, -26, -28], [49, 21, 5]] -> 0 (label=0)
blue -> [[87, -35, 82], [55, -6, 2], [40, 38, -76]] -> 2 (label=2)
gray -> [[54, 0, 0], [51, 9, 2], [75, -33, 63]] -> 1 (label=0)
pink -> [[66, -31, -5], [57, 91, -44], [64, -42, 38]] -> 1 (label=1)
purple -> [[78, -12, 70], [47, 42, -36], [58, -11, -30]] -> 1 (label=1)
tan -> [[65, 12, 56], [63, -7, 33], [50, 14, 3]] -> 0 (label=1)
gray -> [[62, 15, 52], [84, -82, 74], [54, -3, 2]] -> 2 (label=2)
orange -> [[84, -80, 79], [68, 5, 58], [58, -23, 18]] -> 1 (label=1)
blue -> [[61, 1, 34], [33, 63, -87], [85, -61, 81]] -> 1 (label=1)
green -> [[61, -10, 25], [60, 0, 29], [61, -26, 27]] -> 2 (label=2)
pink -> [[46, 62, -51], [51, 77, -34], [50, 36, -24]] -> 1 (label=1)
purple -> [[45, 21, -31], [77, -64, 35], [58, -12, -5]] -> 0 (label=0)
purple -> [[40, 60, -67], [53, 1, -3], [68, -42, 12]] -> 0 (label=0)
pink -> [[52, 88, -64], [52, 80, -19], [48, 9, -44]] -> 1 (label=1)
blue -> [[36, 58, -93], [40, 60, -65], [79, 1, 79]] -> 0 (label=0)
red -> [[57, -15, 5], [65, -18, -34], [47, 64, 33]] -> 2 (label=2)
orange -> [[72, 26, 76], [46, 72, -59], [54, -3, -1]] -> 0 (label=0)
orange -> [[35, 57, -76], [54, 56, 56], [55, 86, -8]] -> 1 (label=1)
brown -> [[86, -62, 16], [42, 57, -58], [58, -1, 21]] -> 2 (label=2)
gray -> [[55, -6, 3], [52, 8, 8], [52, 5, 0]] -> 2 (label=0)
olive -> [[64, -42, 38], [65, -23, 39], [40, 71, -76]] -> 2 (label=1)
blue -> [[53, 5, 5], [48, 21, -24], [32, 59, -86]] -> 2 (label=2)
yellow -> [[51, 11, 5], [39, 52, -89], [92, -17, 89]] -> 2 (label=2)
gray -> [[52, 78, 25], [40, 44, -83], [48, 7, -17]] -> 2 (label=2)
green -> [[46, 55, 14], [57, -22, 16], [59, -6, -44]] -> 1 (label=1)
red -> [[50, 76, 23], [48, 29, 7], [55, 0, -48]] -> 0 (label=0)
gray -> [[73, -58, 31], [55, -4, -1], [45, 13, -36]] -> 1 (label=1)
pink -> [[49, 47, -25], [55, 86, -15], [75, -68, 56]] -> 1 (label=1)
gray -> [[48, 43, -16], [51, 14, -8], [52, 7, -2]] -> 2 (label=2)
gray -> [[50, 14, 1], [51, 5, -7], [54, -3, -37]] -> 1 (label=1)
pink -> [[49, 72, -1], [42, 27, -41], [60, -17, -16]] -> 0 (label=0)
gray -> [[88, -68, 26], [52, 79, -40], [53, 0, -4]] -> 2 (label=2)
dull -> [[84, -18, 77], [65, -16, 36], [75, -8, 67]] -> 0 (label=1)
red -> [[54, 83, 3], [47, 53, -41], [50, 71, 56]] -> 2 (label=2)
gray -> [[72, -32, -18], [60, 41, 61], [54, -1, 1]] -> 2 (label=2)
green -> [[58, -2, -49], [75, -42, -4], [32, 58, -84]] -> 1 (label=1)
tan -> [[46, 32, -32], [86, -31, 81], [64, -6, 37]] -> 1 (label=2)
red -> [[65, -49, 39], [50, 47, 41], [48, 6, -21]] -> 1 (label=1)
pink -> [[51, 14, -61], [57, 90, -34], [83, -64, 78]] -> 1 (label=1)
gray -> [[51, 20, 19], [53, 5, 5], [50, 14, 5]] -> 1 (label=1)
gray -> [[54, -2, -3], [52, 80, -19], [58, 96, -64]] -> 0 (label=0)
purple -> [[73, -57, 27], [43, 76, -74], [50, 43, 36]] -> 1 (label=1)
gray -> [[54, -3, 2], [70, -58, 43], [41, 32, -48]] -> 0 (label=0)
blue -> [[49, 73, 35], [70, -31, 52], [73, -31, -22]] -> 2 (label=2)
pink -> [[91, -56, 87], [51, 90, -74], [63, -32, 9]] -> 1 (label=1)
yellow -> [[62, -3, 31], [74, -30, 60], [65, -3, 42]] -> 1 (label=1)
orange -> [[33, 65, -96], [64, 24, 61], [50, 14, -14]] -> 1 (label=1)
orange -> [[58, 32, 51], [48, 28, 2], [48, 63, -45]] -> 0 (label=0)
purple -> [[50, 22, -6], [48, 55, -40], [50, 74, -18]] -> 1 (label=1)
pink -> [[48, 42, -11], [64, 1, 45], [55, -9, 7]] -> 0 (label=0)
blue -> [[56, -5, -38], [54, -2, 0], [81, -57, 13]] -> 0 (label=0)
blue -> [[72, -27, 57], [70, -46, 15], [53, 3, 3]] -> 1 (label=1)
purple -> [[51, 20, -14], [48, 67, 33], [80, -77, 74]] -> 0 (label=0)
blue -> [[50, 79, -56], [49, 52, -31], [46, 22, -29]] -> 2 (label=2)
purple -> [[58, 0, 20], [59, -17, -4], [46, 84, -78]] -> 2 (label=2)
blue -> [[48, 54, -17], [63, -44, 37], [34, 47, -78]] -> 2 (label=2)
orange -> [[51, 14, 13], [60, -4, 23], [66, 13, 60]] -> 2 (label=2)
blue -> [[31, 65, -94], [46, 11, -30], [83, -52, 1]] -> 0 (label=0)
orange -> [[71, -25, 53], [70, 29, 73], [49, 17, 4]] -> 1 (label=1)
pink -> [[68, 4, 58], [49, 4, -28], [51, 77, 3]] -> 2 (label=2)
orange -> [[57, -4, 12], [63, 3, 42], [47, 64, 39]] -> 2 (label=1)
blue -> [[63, -39, 37], [47, 65, 13], [36, 59, -93]] -> 2 (label=2)
tan -> [[55, -6, 2], [57, 17, 37], [50, 52, 43]] -> 2 (label=1)
orange -> [[61, 44, 65], [54, 82, 23], [49, 3, -30]] -> 0 (label=0)
green -> [[88, -76, 45], [32, 66, -92], [52, 79, -32]] -> 0 (label=0)
pink -> [[36, 40, -63], [47, 63, 25], [70, -26, 50]] -> 1 (label=1)
yellow -> [[74, -18, 59], [85, -75, 50], [52, 78, -49]] -> 0 (label=0)
green -> [[43, 37, -42], [53, 2, -2], [64, -45, 35]] -> 2 (label=2)
purple -> [[40, 47, -58], [50, 73, 41], [57, -11, 14]] -> 0 (label=0)
green -> [[57, -11, -6], [42, 26, -40], [68, -57, 48]] -> 2 (label=2)
orange -> [[54, 28, 36], [57, -15, 14], [32, 55, -82]] -> 0 (label=0)
pink -> [[55, 87, -39], [47, 67, -53], [56, -10, 3]] -> 0 (label=0)
green -> [[61, -18, -22], [82, -76, 57], [59, -10, 20]] -> 1 (label=1)
gray -> [[50, 17, 9], [54, -4, -2], [83, -48, 78]] -> 1 (label=1)
purple -> [[52, 11, -6], [47, 45, -8], [46, 36, -34]] -> 2 (label=2)
green -> [[42, 20, -44], [51, 25, 23], [73, -65, 62]] -> 2 (label=2)
green -> [[69, -56, 53], [67, -16, 42], [51, 35, 35]] -> 0 (label=0)
gray -> [[47, 9, -39], [65, -42, 42], [57, -7, 11]] -> 2 (label=2)
purple -> [[49, 15, -16], [69, -50, 24], [54, -2, 4]] -> 0 (label=0)
blue -> [[47, 84, -75], [35, 43, -67], [85, -82, 81]] -> 1 (label=1)
green -> [[53, 80, 26], [78, -64, 70], [50, 18, -1]] -> 1 (label=1)
orange -> [[70, 19, 71], [52, 56, 53], [47, 11, -23]] -> 1 (label=0)
purple -> [[86, -50, 82], [54, -3, -3], [43, 37, -42]] -> 2 (label=2)
gray -> [[33, 70, -92], [49, 11, -17], [69, 12, 64]] -> 1 (label=1)
olive -> [[49, 22, -1], [80, -75, 60], [70, -34, 53]] -> 0 (label=2)
yellow -> [[87, -85, 81], [72, -27, 57], [88, -42, 84]] -> 2 (label=2)
green -> [[79, -31, 71], [76, -55, 67], [83, -40, -18]] -> 1 (label=1)
green -> [[52, 8, -1], [61, -38, 30], [65, -18, -34]] -> 1 (label=1)
green -> [[54, -2, 2], [81, -70, 76], [43, 74, -70]] -> 1 (label=1)
purple -> [[51, 3, -7], [58, -13, -7], [85, -33, 80]] -> 0 (label=0)
orange -> [[67, 31, 70], [55, -2, 7], [48, 8, -45]] -> 0 (label=0)
purple -> [[50, 69, -32], [83, -73, 46], [75, -34, -19]] -> 0 (label=0)
purple -> [[49, 24, 14], [43, 40, -46], [43, 31, -72]] -> 1 (label=1)
blue -> [[50, 1, -19], [58, -8, -38], [55, -8, -12]] -> 1 (label=1)
turquoise -> [[70, -53, 26], [58, -23, 18], [57, -18, 9]] -> 0 (label=0)
blue -> [[64, -9, -47], [82, -54, 76], [70, -38, 0]] -> 0 (label=0)
brown -> [[49, 21, 12], [48, 36, -7], [79, -75, 66]] -> 0 (label=0)
blue -> [[53, 16, -66], [72, -56, 30], [46, 10, -24]] -> 0 (label=0)
brown -> [[53, 0, -2], [52, 16, 18], [51, 11, 6]] -> 1 (label=1)
orange -> [[53, 84, -35], [65, 43, 72], [85, -38, 81]] -> 1 (label=1)
green -> [[52, 1, -5], [49, 38, -26], [77, -69, 70]] -> 2 (label=2)
purple -> [[43, 49, -50], [48, 56, -17], [54, -3, 2]] -> 0 (label=0)
red -> [[68, -17, 44], [50, 74, 42], [51, 5, -9]] -> 1 (label=1)
blue -> [[48, 22, 7], [45, 59, -51], [39, 33, -52]] -> 2 (label=2)
purple -> [[35, 64, -82], [53, -1, -2], [82, -79, 73]] -> 0 (label=0)
red -> [[66, -24, 40], [52, 80, 22], [70, -40, 4]] -> 1 (label=1)
pink -> [[54, -1, 0], [50, 15, -1], [62, -17, 29]] -> 1 (label=1)
gray -> [[54, -1, 0], [52, 85, -59], [87, -54, 0]] -> 0 (label=0)
gray -> [[88, -55, 0], [54, 0, 0], [58, -24, 16]] -> 1 (label=1)
blue -> [[55, -5, -35], [37, 53, -69], [54, 86, -49]] -> 1 (label=0)
blue -> [[46, 41, 18], [35, 67, -100], [48, 48, -37]] -> 1 (label=1)
purple -> [[56, 93, -67], [52, -2, -14], [50, 73, 38]] -> 0 (label=0)
pink -> [[49, 48, -30], [46, 58, -47], [38, 49, -63]] -> 0 (label=0)
neon -> [[73, -34, 59], [81, -72, 75], [69, -14, -44]] -> 1 (label=1)
gray -> [[61, -30, 13], [55, -6, -2], [65, 3, 48]] -> 1 (label=1)
brown -> [[51, 10, 1], [90, -56, 86], [85, -55, 3]] -> 0 (label=0)
aqua -> [[78, -38, -17], [48, 22, 7], [40, 79, -86]] -> 0 (label=0)
blue -> [[56, 90, -42], [66, 0, 49], [69, -41, 6]] -> 2 (label=2)
magenta -> [[87, -54, 0], [73, -38, 60], [51, 76, -7]] -> 2 (label=2)
green -> [[55, 86, -22], [35, 45, -74], [84, -57, 10]] -> 2 (label=2)
purple -> [[44, 75, -69], [53, 22, 28], [70, -39, 1]] -> 0 (label=0)
red -> [[63, -41, 27], [59, -2, 23], [47, 40, 1]] -> 2 (label=2)
green -> [[67, -55, 47], [58, 15, 39], [70, -32, -14]] -> 0 (label=0)
orange -> [[52, 0, -9], [57, -3, 14], [69, 18, 67]] -> 2 (label=2)
gray -> [[53, 73, 63], [54, 0, 0], [50, 4, -40]] -> 1 (label=1)
green -> [[71, -49, 17], [76, -7, 69], [49, 50, -32]] -> 0 (label=0)
magenta -> [[49, 53, -35], [55, 53, 58], [32, 54, -82]] -> 2 (label=0)
blue -> [[44, 31, -73], [56, 89, -28], [58, -19, 5]] -> 0 (label=0)
red -> [[54, 0, 0], [50, 71, 56], [40, 35, -50]] -> 1 (label=1)
blue -> [[48, 61, -44], [80, -67, 74], [42, 24, -41]] -> 2 (label=2)
red -> [[39, 73, -81], [50, 74, 58], [52, -2, -32]] -> 1 (label=1)
yellow -> [[74, -28, 61], [49, 34, -15], [83, -34, 77]] -> 2 (label=2)
pink -> [[51, 76, -24], [49, 51, -30], [49, 79, -59]] -> 0 (label=0)
gray -> [[46, 40, 15], [61, -28, 12], [54, 0, 0]] -> 2 (label=2)
teal -> [[50, 18, 13], [49, 56, -33], [63, -31, 6]] -> 2 (label=2)
gray -> [[48, 27, -25], [49, 14, -16], [51, 5, -7]] -> 2 (label=2)
barney -> [[45, 78, -70], [71, -34, -11], [34, 72, -103]] -> 2 (label=0)
gray -> [[56, -11, -21], [54, -3, -5], [61, -21, -5]] -> 1 (label=1)
green -> [[41, 29, -66], [81, -78, 71], [52, 14, 13]] -> 1 (label=1)
purple -> [[56, -9, -30], [50, 22, -18], [62, -9, 26]] -> 1 (label=1)
orange -> [[51, 33, 32], [50, 16, 8], [56, -13, 7]] -> 0 (label=0)
orange -> [[69, 25, 71], [41, 61, -63], [90, -62, 86]] -> 0 (label=0)
green -> [[70, -28, 50], [50, 76, 4], [73, -3, 65]] -> 0 (label=0)
orange -> [[55, -8, 4], [77, -54, 12], [66, 13, 59]] -> 2 (label=2)
brown -> [[48, 51, -21], [76, -54, 67], [56, -3, 9]] -> 2 (label=2)
purple -> [[58, -4, 15], [54, 0, 2], [53, -2, -5]] -> 1 (label=1)
blue -> [[55, -3, 6], [31, 65, -92], [38, 64, -75]] -> 1 (label=1)
aqua -> [[79, -70, 72], [58, -11, 15], [65, -29, -5]] -> 0 (label=2)
blue -> [[50, 75, -29], [60, -7, -44], [48, 34, 22]] -> 1 (label=1)
green -> [[40, 38, -77], [80, -77, 73], [58, 32, 53]] -> 1 (label=1)
purple -> [[63, -21, 32], [48, 9, -19], [44, 34, -40]] -> 2 (label=2)
green -> [[54, -2, 3], [32, 63, -90], [72, -54, 59]] -> 2 (label=2)
purple -> [[79, -72, 56], [43, 81, -82], [54, 86, -37]] -> 1 (label=1)
mauve -> [[31, 63, -92], [65, -31, 0], [50, 13, -13]] -> 0 (label=2)
blue -> [[45, 38, -82], [49, 52, -33], [54, 59, 58]] -> 0 (label=0)
gray -> [[53, 1, 2], [78, -23, 67], [49, 23, -3]] -> 0 (label=0)
gray -> [[57, 92, -49], [88, -62, 14], [50, 3, -14]] -> 2 (label=2)
concrete -> [[44, 26, -67], [55, -1, 8], [53, 32, 37]] -> 0 (label=1)
yellow -> [[65, -24, 38], [71, -14, 52], [81, -13, 76]] -> 2 (label=2)
blue -> [[35, 45, -68], [52, 19, 19], [43, 29, -40]] -> 0 (label=0)
blue -> [[38, 50, -63], [88, -74, 42], [73, -43, 0]] -> 0 (label=2)
purple -> [[49, 73, 3], [45, 15, -51], [41, 21, -43]] -> 2 (label=2)
blue -> [[37, 71, -85], [48, 77, -61], [42, 79, -81]] -> 0 (label=0)
pink -> [[49, 18, -19], [46, 52, 10], [59, 1, 24]] -> 1 (label=1)
green -> [[86, -80, 82], [49, 20, 2], [52, -1, -32]] -> 0 (label=0)
orange -> [[53, 3, -49], [56, 67, 66], [47, 44, 2]] -> 1 (label=1)
purple -> [[47, 16, -25], [51, 1, -11], [51, 12, -5]] -> 2 (label=0)
red -> [[51, 78, -34], [57, -20, 17], [55, 71, 67]] -> 2 (label=2)
red -> [[80, -69, 44], [42, 33, -43], [46, 58, 27]] -> 2 (label=2)
teal -> [[69, -25, -26], [57, -12, -15], [60, -20, -1]] -> 2 (label=0)
purple -> [[53, 80, 67], [38, 41, -59], [49, 22, 11]] -> 1 (label=1)
brown -> [[71, -33, -12], [43, 18, -42], [55, 6, 18]] -> 2 (label=2)
blue -> [[36, 40, -65], [54, 59, 60], [60, -18, -7]] -> 0 (label=0)
pink -> [[62, 25, 57], [74, -50, 11], [48, 27, -1]] -> 2 (label=2)
green -> [[48, 69, 51], [52, 5, -6], [58, -27, 20]] -> 2 (label=2)
gray -> [[54, -1, -1], [60, -18, -19], [45, 18, -30]] -> 0 (label=0)
gray -> [[47, 43, -36], [53, -1, -1], [51, 19, -10]] -> 1 (label=1)
maroon -> [[74, -54, 62], [46, 47, 12], [83, 3, 84]] -> 1 (label=1)
blue -> [[37, 34, -61], [46, 15, -25], [77, -65, 39]] -> 0 (label=0)
orange -> [[81, -75, 56], [55, 33, 43], [72, -28, -28]] -> 1 (label=1)
brown -> [[70, -12, 48], [51, 0, -20], [49, 50, -28]] -> 0 (label=0)
purple -> [[52, 78, -39], [61, -38, 31], [44, 80, -77]] -> 2 (label=2)
gray -> [[56, -8, 11], [52, 12, 14], [46, 16, -25]] -> 0 (label=0)
aqua -> [[73, -60, 61], [81, -66, 33], [62, -7, 28]] -> 1 (label=1)
pink -> [[51, 73, -40], [76, -52, 67], [51, 3, -7]] -> 0 (label=0)
purple -> [[35, 58, -78], [44, 14, -42], [42, 55, -57]] -> 2 (label=2)
green -> [[88, -67, 84], [61, 34, 61], [47, 8, -43]] -> 0 (label=0)
magenta -> [[59, -16, 19], [46, 63, -51], [34, 76, -100]] -> 2 (label=1)
red -> [[53, 4, 6], [53, 79, 66], [66, -42, 15]] -> 1 (label=1)
orange -> [[57, 34, 52], [51, 25, 24], [56, 12, 30]] -> 0 (label=0)
blue -> [[44, 14, -34], [35, 61, -80], [47, 35, -81]] -> 2 (label=2)
purple -> [[55, -8, 4], [40, 42, -54], [40, 30, -66]] -> 1 (label=1)
blue -> [[58, -20, 19], [31, 69, -97], [49, 37, -20]] -> 1 (label=1)
tan -> [[63, -39, 22], [64, -19, 33], [70, -57, 56]] -> 1 (label=1)
blue -> [[53, 1, -2], [39, 37, -53], [57, -13, -19]] -> 1 (label=2)
blue -> [[45, 23, -31], [60, 9, 39], [75, -42, 64]] -> 0 (label=0)
green -> [[85, -69, 80], [54, -1, 0], [52, 25, 26]] -> 0 (label=0)
orange -> [[75, 21, 79], [81, 3, 82], [64, 9, 50]] -> 2 (label=0)
red -> [[47, 57, 14], [47, 65, 44], [50, 33, 28]] -> 1 (label=1)
red -> [[33, 77, -106], [52, 78, 41], [50, 66, -40]] -> 1 (label=1)
gray -> [[47, 46, 2], [52, 8, -4], [50, 12, 3]] -> 2 (label=1)
blue -> [[48, 28, -24], [87, -53, -2], [48, 67, 7]] -> 1 (label=1)
olive -> [[64, -11, 32], [54, 0, 0], [48, 29, 3]] -> 1 (label=0)
purple -> [[44, 84, -84], [49, 66, 52], [72, -65, 57]] -> 0 (label=0)
gray -> [[53, -4, -23], [54, -3, -1], [50, 10, -12]] -> 1 (label=1)
purple -> [[47, 50, -39], [52, 76, 63], [78, -49, 4]] -> 0 (label=0)
tan -> [[62, -8, 26], [53, 16, 21], [55, -7, -11]] -> 1 (label=0)
gray -> [[56, -11, 3], [60, -29, 26], [60, -24, 6]] -> 0 (label=0)
purple -> [[63, -21, -21], [47, 45, -36], [80, -65, 74]] -> 1 (label=1)
purple -> [[41, 31, -69], [47, 29, -74], [40, 47, -57]] -> 2 (label=2)
tan -> [[68, -4, 50], [50, 70, 57], [84, -82, 76]] -> 1 (label=0)
green -> [[87, -83, 73], [48, 40, -31], [48, 66, 15]] -> 0 (label=0)
blue -> [[33, 72, -96], [59, -16, -9], [67, 18, 65]] -> 0 (label=0)
blue -> [[55, -5, 6], [68, -37, 2], [72, -42, 58]] -> 1 (label=1)
green -> [[52, 78, -34], [72, 5, 67], [76, -33, 64]] -> 2 (label=2)
purple -> [[47, 45, -3], [41, 29, -65], [79, -39, 72]] -> 0 (label=0)
yellow -> [[61, -23, 1], [82, -14, 76], [94, -23, 91]] -> 2 (label=2)
gray -> [[48, 55, -40], [54, -2, -1], [67, 7, 57]] -> 1 (label=1)
pink -> [[55, 87, -44], [96, -21, 93], [51, 12, -3]] -> 0 (label=0)
blue -> [[77, -70, 55], [46, 30, -33], [38, 50, -87]] -> 2 (label=2)
orange -> [[53, -1, -4], [78, -56, 15], [58, 22, 44]] -> 2 (label=2)
blue -> [[69, -30, -12], [75, -52, 15], [50, 74, 8]] -> 0 (label=0)
brown -> [[54, 10, 18], [78, -29, 68], [57, 32, 48]] -> 2 (label=0)
pink -> [[48, 68, 44], [48, 17, -20], [49, 55, -29]] -> 0 (label=2)
yellow -> [[54, 85, -44], [74, 1, 70], [66, -6, 42]] -> 1 (label=1)
blue -> [[32, 64, -89], [46, 49, 28], [41, 48, -56]] -> 0 (label=0)
magenta -> [[63, -43, 33], [57, 92, -48], [47, 61, 18]] -> 1 (label=1)
purple -> [[34, 70, -101], [53, 3, -3], [43, 49, -50]] -> 2 (label=2)
pink -> [[69, -58, 47], [47, 34, 2], [63, -27, 0]] -> 1 (label=1)
blue -> [[36, 61, -78], [39, 82, -96], [44, 31, -38]] -> 0 (label=1)
red -> [[51, 64, 55], [86, -58, 9], [64, 15, 56]] -> 0 (label=0)
green -> [[61, -36, 25], [42, 69, -69], [54, -2, 3]] -> 0 (label=0)
pink -> [[52, 10, -6], [32, 59, -86], [48, 65, -17]] -> 2 (label=2)
yellow -> [[69, -39, 52], [75, -22, 61], [60, -8, 20]] -> 1 (label=1)
green -> [[48, 26, 1], [54, 76, 66], [70, -51, 25]] -> 2 (label=2)
sky -> [[55, -7, 3], [64, -16, -34], [49, 61, -32]] -> 1 (label=1)
violet -> [[54, -6, -20], [41, 22, -43], [51, 2, -8]] -> 1 (label=1)
red -> [[48, 13, -21], [64, -19, 33], [51, 21, 18]] -> 2 (label=2)
brown -> [[87, -61, 83], [55, 58, 60], [57, 23, 41]] -> 2 (label=2)
gray -> [[70, -30, -17], [84, -76, 52], [52, 9, 7]] -> 2 (label=2)
red -> [[47, 64, 33], [74, -49, 63], [50, 27, -21]] -> 0 (label=0)
green -> [[83, -32, 76], [49, 31, -14], [41, 72, -75]] -> 0 (label=0)
purple -> [[49, 73, 41], [70, -58, 42], [50, 27, -15]] -> 2 (label=2)
blue -> [[62, -30, 11], [31, 69, -96], [50, 19, 12]] -> 1 (label=1)
gold -> [[76, 12, 77], [60, -31, 21], [51, 77, 25]] -> 1 (label=0)
orange -> [[50, 75, 58], [94, -26, 91], [53, 48, 51]] -> 2 (label=2)
pink -> [[50, 75, -21], [49, 66, -34], [50, 4, -12]] -> 0 (label=0)
red -> [[53, 18, -69], [47, 46, 5], [86, -33, 81]] -> 1 (label=1)
blue -> [[48, 19, -21], [46, 12, -43], [66, 28, 68]] -> 1 (label=1)
gray -> [[78, -58, 70], [49, 4, -25], [58, -12, 17]] -> 1 (label=2)
green -> [[46, 51, -42], [79, -33, -25], [72, -52, 60]] -> 2 (label=2)
brown -> [[73, -41, 59], [55, 6, 18], [51, 19, -10]] -> 1 (label=1)
gray -> [[46, 24, -29], [50, 67, -38], [50, 24, -8]] -> 2 (label=2)
green -> [[67, -43, 17], [62, -38, 25], [64, -34, 7]] -> 1 (label=1)
pink -> [[69, -43, 12], [47, 46, 0], [52, 8, 8]] -> 1 (label=1)
purple -> [[45, 16, -54], [43, 17, -42], [43, 24, -37]] -> 2 (label=2)
orange -> [[52, 6, -6], [35, 62, -81], [54, 39, 48]] -> 2 (label=2)
teal -> [[76, -66, 44], [82, -55, 8], [51, 7, -8]] -> 2 (label=1)
green -> [[49, 35, -17], [80, 1, 79], [83, -57, 78]] -> 2 (label=2)
green -> [[54, 85, -30], [82, -47, 76], [50, 33, 29]] -> 1 (label=1)
gray -> [[64, -8, 34], [61, -14, 24], [56, -2, 10]] -> 2 (label=2)
green -> [[84, -55, 4], [56, -3, 10], [59, -25, 14]] -> 0 (label=2)
green -> [[54, 7, 13], [83, -77, 58], [49, 61, -30]] -> 1 (label=1)
orange -> [[48, 7, -19], [55, -1, 6], [52, 50, 49]] -> 2 (label=2)
purple -> [[42, 19, -38], [50, 74, 19], [47, 30, -30]] -> 2 (label=2)
sky -> [[64, 5, 49], [48, 12, -54], [46, 10, -27]] -> 1 (label=1)
yellow -> [[69, 12, 64], [32, 68, -98], [49, 52, 39]] -> 0 (label=0)
gray -> [[50, 21, -3], [54, 17, -68], [53, 6, -4]] -> 2 (label=2)
gray -> [[64, -20, -26], [54, 0, 1], [94, -29, 91]] -> 1 (label=1)
red -> [[55, 88, -46], [95, -21, 92], [52, 51, 50]] -> 2 (label=2)
green -> [[51, 11, 6], [36, 65, -100], [76, -72, 64]] -> 2 (label=2)
blue -> [[44, 17, -48], [50, 20, -9], [52, 80, 27]] -> 0 (label=0)
aqua -> [[66, -49, 46], [72, -53, 59], [79, -58, 17]] -> 1 (label=2)
purple -> [[42, 22, -38], [47, 84, -75], [36, 64, -81]] -> 1 (label=1)
blue -> [[52, 5, 1], [57, 17, 36], [48, 6, -35]] -> 2 (label=2)
gray -> [[53, 2, -1], [74, -64, 44], [65, 5, 50]] -> 0 (label=0)
brown -> [[63, -19, -28], [60, 6, 35], [42, 48, -89]] -> 1 (label=1)
purple -> [[47, 38, 4], [43, 30, -42], [52, 0, -7]] -> 1 (label=1)
blue -> [[71, -50, 19], [54, 70, 64], [34, 52, -76]] -> 2 (label=2)
blue -> [[45, 13, -37], [72, 23, 76], [50, 10, -12]] -> 0 (label=0)
blue -> [[54, 2, 4], [57, -14, 4], [79, -77, 72]] -> 1 (label=1)
blue -> [[87, -45, 83], [52, 9, -7], [39, 28, -57]] -> 2 (label=2)
turquoise -> [[75, -70, 62], [55, 15, 27], [79, -46, -5]] -> 2 (label=2)
gray -> [[49, 27, -22], [51, 11, -3], [44, 23, -34]] -> 1 (label=1)
green -> [[43, 17, -47], [49, 73, 26], [82, -79, 77]] -> 2 (label=2)
gray -> [[51, 1, -11], [60, 51, 67], [46, 13, -49]] -> 0 (label=0)
green -> [[87, -72, 83], [79, 3, 78], [61, -19, -13]] -> 0 (label=0)
orange -> [[88, -45, -16], [52, 65, 57], [46, 48, 12]] -> 1 (label=1)
purple -> [[42, 60, -60], [73, -44, 4], [52, 5, 0]] -> 0 (label=0)
gray -> [[56, -4, 9], [61, -28, 9], [64, -28, 35]] -> 0 (label=0)
brown -> [[59, -25, 21], [47, 44, 2], [51, 9, 1]] -> 0 (label=2)
green -> [[74, -3, 67], [54, 0, 0], [70, -48, 53]] -> 2 (label=2)
blue -> [[65, -33, 40], [62, -21, -17], [52, 7, 5]] -> 1 (label=1)
yellow -> [[68, 3, 57], [81, -11, 77], [51, 16, -9]] -> 1 (label=1)
green -> [[46, 12, -43], [77, -33, 66], [46, 63, -50]] -> 1 (label=1)
yellow -> [[81, -71, 46], [49, 12, -17], [90, -39, 86]] -> 2 (label=2)
yellow -> [[56, -11, 3], [83, -13, 79], [46, 53, 9]] -> 1 (label=1)
gray -> [[44, 20, -58], [56, -9, -25], [49, 5, -17]] -> 2 (label=2)
green -> [[79, -70, 73], [74, 4, 71], [49, 22, -19]] -> 0 (label=0)
maroon -> [[57, -23, 17], [48, 29, 9], [73, -67, 60]] -> 1 (label=1)
pink -> [[52, 80, -13], [53, -1, -1], [64, -44, 39]] -> 0 (label=0)
pink -> [[54, 0, 0], [41, 65, -68], [51, 77, -40]] -> 2 (label=2)
purple -> [[32, 78, -106], [44, 55, -52], [55, -7, -32]] -> 1 (label=1)
yellow -> [[78, -73, 63], [84, -76, 53], [90, -40, 87]] -> 2 (label=2)
yellow -> [[44, 55, -51], [47, 35, 16], [93, -29, 90]] -> 2 (label=2)
orange -> [[50, 49, 41], [51, 78, 7], [73, -4, 64]] -> 0 (label=0)
green -> [[88, -41, 84], [32, 75, -103], [53, 84, -43]] -> 0 (label=0)
orange -> [[92, -17, 90], [48, 21, -22], [73, 7, 70]] -> 2 (label=2)
green -> [[77, -47, 68], [51, 12, -5], [36, 53, -86]] -> 0 (label=0)
green -> [[73, -12, 58], [56, -9, -1], [63, -42, 28]] -> 2 (label=2)
purple -> [[48, 39, -15], [49, 72, 54], [83, -55, 78]] -> 0 (label=0)
red -> [[88, -59, 8], [48, 69, 34], [31, 67, -96]] -> 1 (label=1)
pink -> [[32, 67, -91], [55, 1, 10], [50, 74, -27]] -> 2 (label=2)
blue -> [[61, -33, 20], [62, -23, -5], [88, -16, 85]] -> 1 (label=1)
aqua -> [[79, -52, 72], [50, 73, -36], [81, -60, 19]] -> 2 (label=2)
gray -> [[51, -1, -22], [65, -39, 40], [54, -3, 1]] -> 2 (label=2)
green -> [[39, 40, -57], [54, 33, 40], [74, -53, 17]] -> 2 (label=2)
pink -> [[50, 75, -4], [53, 80, 39], [53, 80, 28]] -> 2 (label=0)
pink -> [[52, 79, 43], [58, 26, 48], [57, -11, -20]] -> 0 (label=0)
red -> [[75, -59, 65], [54, -3, -5], [46, 40, 14]] -> 2 (label=2)
brown -> [[67, -26, 43], [57, 5, 26], [32, 68, -92]] -> 1 (label=1)
grass -> [[70, -42, 7], [56, -9, -2], [82, -76, 60]] -> 2 (label=2)
green -> [[72, -34, -14], [48, 73, -55], [62, -39, 31]] -> 2 (label=2)
blue -> [[58, 53, 64], [52, 18, -67], [54, -5, -34]] -> 1 (label=1)
blue -> [[82, -49, -3], [70, -34, 53], [48, 67, 35]] -> 0 (label=0)
blue -> [[81, -22, 73], [53, 81, 21], [58, 6, -60]] -> 2 (label=2)
green -> [[45, 80, -76], [56, -9, -2], [67, -54, 42]] -> 2 (label=2)
sky -> [[54, 82, 31], [39, 31, -53], [51, 13, 8]] -> 1 (label=1)
purple -> [[67, 11, 60], [33, 48, -75], [41, 30, -47]] -> 1 (label=2)
purple -> [[63, -7, -47], [43, 84, -87], [53, 12, 17]] -> 1 (label=1)
blue -> [[50, 21, -11], [63, -23, -14], [56, 21, 39]] -> 1 (label=1)
yellow -> [[83, -50, -3], [45, 47, -42], [73, -16, 57]] -> 2 (label=2)
mauve -> [[47, 28, 12], [50, 42, 35], [82, -65, 28]] -> 2 (label=0)
rose -> [[53, -4, -12], [57, 47, 59], [47, 48, -6]] -> 0 (label=2)
green -> [[36, 40, -64], [54, -1, 3], [60, -18, -7]] -> 2 (label=2)
brown -> [[72, -54, 25], [47, 50, -7], [47, 32, 15]] -> 2 (label=2)
blue -> [[87, -80, 59], [48, 49, -17], [83, -67, 31]] -> 2 (label=2)
pink -> [[46, 54, -45], [47, 18, -24], [53, -1, -4]] -> 0 (label=0)
brown -> [[66, 1, 49], [74, -63, 42], [48, 69, 20]] -> 0 (label=0)
orange -> [[75, 24, 79], [73, -43, 1], [78, -72, 71]] -> 0 (label=0)
purple -> [[49, 3, -24], [44, 22, -60], [43, 48, -49]] -> 2 (label=2)
green -> [[81, -66, 75], [56, 93, -63], [51, -1, -21]] -> 0 (label=0)
blue -> [[57, 45, 57], [52, 0, -9], [52, 4, 2]] -> 1 (label=1)
orange -> [[49, 73, 0], [50, 7, -12], [58, 15, 40]] -> 2 (label=2)
purple -> [[54, -5, -13], [45, 13, -37], [88, -56, 2]] -> 1 (label=1)
blue -> [[63, 17, 55], [52, 8, -5], [33, 70, -101]] -> 2 (label=2)
blue -> [[36, 39, -69], [55, -8, -12], [44, 79, -76]] -> 0 (label=0)
blue -> [[57, 1, 21], [62, -12, 27], [56, -12, 6]] -> 2 (label=2)
green -> [[57, -2, 13], [62, -26, 31], [58, -11, 15]] -> 1 (label=1)
green -> [[69, -59, 47], [50, 2, -17], [59, -14, 21]] -> 0 (label=0)
gray -> [[66, -32, -2], [63, 27, 61], [52, 2, -7]] -> 2 (label=2)
blue -> [[49, 71, 18], [35, 58, -78], [76, -35, 66]] -> 1 (label=1)
green -> [[67, -37, 47], [53, 80, 67], [62, -29, 8]] -> 0 (label=0)
red -> [[52, 79, 31], [34, 53, -84], [55, 14, 28]] -> 0 (label=0)
purple -> [[70, -58, 42], [49, 51, -26], [46, 52, 30]] -> 1 (label=1)
blue -> [[71, -61, 46], [36, 46, -68], [52, 49, 46]] -> 1 (label=1)
orange -> [[64, 18, 57], [76, -21, 64], [44, 84, -85]] -> 0 (label=0)
red -> [[49, 72, 31], [50, 74, 8], [57, 7, 25]] -> 0 (label=0)
purple -> [[45, 21, -31], [59, -13, -28], [75, 6, 74]] -> 0 (label=0)
orange -> [[69, 18, 69], [44, 33, -40], [69, -7, 52]] -> 0 (label=0)
green -> [[51, 14, -10], [53, 73, 64], [64, -32, 36]] -> 2 (label=2)
red -> [[54, 2, 7], [47, 59, 40], [88, -75, 83]] -> 1 (label=1)
gray -> [[82, -77, 77], [45, 30, -73], [53, 4, -3]] -> 2 (label=2)
green -> [[50, 10, -12], [68, -48, 22], [54, 2, -48]] -> 1 (label=1)
blue -> [[56, 2, -52], [61, -29, 13], [54, -2, 0]] -> 0 (label=0)
green -> [[50, 89, -76], [61, 36, 61], [85, -77, 56]] -> 2 (label=2)
gray -> [[48, 68, 33], [51, 9, -1], [78, -74, 68]] -> 1 (label=1)
purple -> [[80, -39, -18], [38, 76, -87], [62, -4, 31]] -> 1 (label=1)
green -> [[63, -3, 36], [63, -23, 32], [57, -4, 11]] -> 1 (label=1)
pink -> [[46, 54, 20], [85, -68, 80], [77, -44, -5]] -> 0 (label=0)
green -> [[54, 84, -13], [58, -1, 21], [88, -79, 56]] -> 2 (label=2)
red -> [[49, 60, 46], [57, 12, 31], [32, 57, -83]] -> 0 (label=0)
purple -> [[73, 24, 77], [55, -5, 1], [51, 0, -13]] -> 2 (label=2)
orange -> [[77, -39, -13], [70, 30, 74], [61, 8, 43]] -> 1 (label=1)
pink -> [[55, 29, 41], [54, 84, -18], [53, -4, -13]] -> 1 (label=1)
blue -> [[49, 28, -24], [47, 8, -21], [46, 60, 33]] -> 1 (label=1)
red -> [[87, -13, 85], [57, 68, 69], [64, -36, 14]] -> 1 (label=1)
green -> [[46, 13, -26], [91, -47, 88], [64, -33, 6]] -> 1 (label=2)
gray -> [[49, 70, -7], [55, -7, 5], [74, -15, 58]] -> 1 (label=1)
purple -> [[87, -74, 43], [52, 78, -43], [47, 45, 29]] -> 1 (label=1)
blue -> [[43, 38, -44], [32, 74, -103], [61, 56, 71]] -> 1 (label=1)
brown -> [[48, 17, -20], [58, 21, 42], [56, 49, 58]] -> 1 (label=1)
purple -> [[65, -10, 35], [49, 67, -19], [46, 86, -82]] -> 2 (label=2)
green -> [[53, 1, -2], [85, -83, 81], [60, -20, 23]] -> 1 (label=1)
teal -> [[75, -64, 67], [78, -59, 22], [67, -53, 40]] -> 1 (label=1)
purple -> [[50, 28, -13], [51, 16, 11], [51, 9, -1]] -> 0 (label=0)
orange -> [[36, 48, -81], [47, 61, 13], [64, 24, 62]] -> 2 (label=2)
pink -> [[76, -54, 15], [49, 29, -11], [52, 81, -33]] -> 2 (label=2)
blue -> [[69, -51, 28], [56, 67, 67], [53, 7, -54]] -> 2 (label=2)
pink -> [[65, -25, -17], [47, 40, -33], [44, 15, -41]] -> 1 (label=1)
lime -> [[44, 54, -50], [89, -68, 85], [53, 2, 0]] -> 1 (label=1)
gray -> [[49, 72, 36], [66, -34, 2], [55, -7, 6]] -> 2 (label=2)
blue -> [[51, 1, -11], [33, 75, -105], [87, -24, 83]] -> 1 (label=1)
blue -> [[52, 1, -6], [47, 8, -31], [71, -61, 49]] -> 1 (label=1)
pink -> [[63, -35, 15], [56, 89, -43], [43, 74, -70]] -> 1 (label=1)
green -> [[71, -54, 57], [64, -22, -21], [43, 61, -59]] -> 0 (label=0)
red -> [[55, 87, -17], [51, 5, -7], [48, 70, 27]] -> 2 (label=2)
pink -> [[85, -60, 12], [58, -25, 19], [49, 59, -35]] -> 2 (label=2)
violet -> [[78, -75, 71], [51, 77, -18], [52, 0, -11]] -> 2 (label=1)
red -> [[68, -49, 49], [52, 78, 41], [62, -5, -50]] -> 1 (label=1)
green -> [[48, 55, -22], [86, -78, 58], [85, -37, 80]] -> 1 (label=1)
green -> [[61, -37, 27], [68, -29, 47], [64, -23, 37]] -> 0 (label=0)
beige -> [[57, -2, 14], [58, -14, -3], [32, 66, -95]] -> 2 (label=0)
purple -> [[39, 76, -86], [82, -13, 77], [61, -12, -37]] -> 0 (label=0)
blue -> [[57, -7, 11], [32, 73, -102], [50, 20, 12]] -> 1 (label=1)
green -> [[41, 68, -70], [70, -53, 30], [66, 0, 49]] -> 1 (label=1)
medium -> [[63, -35, 15], [72, -45, 6], [75, -42, -4]] -> 2 (label=0)
blue -> [[55, -8, 8], [55, -7, -6], [56, -2, 10]] -> 1 (label=1)
gray -> [[47, 44, -36], [49, 17, 6], [55, -5, -1]] -> 2 (label=2)
pink -> [[56, 88, -34], [41, 76, -81], [65, -43, 23]] -> 0 (label=0)
green -> [[52, 18, -67], [67, -55, 49], [85, -24, 79]] -> 1 (label=1)
green -> [[83, -39, 78], [76, -62, 68], [68, -23, 46]] -> 1 (label=1)
turquoise -> [[63, -33, 11], [69, -56, 41], [60, -27, 26]] -> 0 (label=0)
yellow -> [[86, -46, 82], [50, 81, -59], [62, -21, -7]] -> 0 (label=0)
gray -> [[61, -4, 29], [56, 69, 67], [54, -2, 2]] -> 2 (label=2)
gray -> [[54, 0, 0], [57, -7, -39], [93, -19, 90]] -> 0 (label=0)
red -> [[46, 48, 17], [54, 2, 7], [48, 34, -27]] -> 0 (label=0)
yellow -> [[67, -15, 41], [42, 47, -53], [56, -10, 2]] -> 0 (label=0)
red -> [[85, -82, 81], [57, 66, 67], [49, 54, -26]] -> 1 (label=1)
gray -> [[47, 44, 0], [87, -71, 82], [51, 9, -10]] -> 2 (label=2)
blue -> [[54, -2, 0], [55, 85, -3], [49, 6, -17]] -> 2 (label=2)
gray -> [[53, -4, -28], [57, -11, -2], [61, -16, -28]] -> 1 (label=1)
yellow -> [[51, 72, -40], [54, 0, 0], [90, -32, 87]] -> 2 (label=2)
gray -> [[51, 2, -8], [77, -69, 69], [48, 7, -38]] -> 0 (label=0)
green -> [[48, 68, 12], [61, -20, -6], [75, -62, 36]] -> 2 (label=2)
purple -> [[76, -17, 63], [38, 34, -57], [41, 30, -45]] -> 2 (label=2)
red -> [[55, 5, 15], [50, 75, 48], [62, -36, 34]] -> 1 (label=1)
yellow -> [[59, 12, 39], [94, -23, 91], [72, -32, 57]] -> 1 (label=1)
purple -> [[41, 36, -48], [69, -51, 29], [52, 79, 11]] -> 0 (label=0)
pink -> [[79, -21, 69], [51, 73, -46], [54, -2, -1]] -> 1 (label=1)
green -> [[73, 15, 74], [73, -59, 62], [50, 22, -7]] -> 1 (label=1)
gray -> [[57, -5, 11], [46, 17, -27], [55, -5, 0]] -> 2 (label=2)
blue -> [[49, 39, 30], [44, 20, -58], [85, -83, 80]] -> 1 (label=1)
green -> [[58, -6, 15], [46, 40, -38], [61, -25, 29]] -> 2 (label=2)
gray -> [[54, 0, 0], [49, 21, 11], [75, -61, 65]] -> 0 (label=0)
green -> [[77, 10, 78], [68, -21, 46], [43, 24, -37]] -> 1 (label=1)
blue -> [[84, -51, 79], [76, -53, 14], [52, 28, 30]] -> 1 (label=1)
purple -> [[47, 32, 13], [40, 24, -47], [82, -64, 26]] -> 1 (label=1)
brown -> [[44, 29, -38], [56, -6, 8], [55, 5, 16]] -> 2 (label=2)
blue -> [[85, -64, 22], [83, -77, 61], [73, -63, 62]] -> 0 (label=0)
blue -> [[65, -45, 41], [52, 87, -62], [68, -21, -33]] -> 2 (label=2)
purple -> [[39, 58, -67], [70, 17, 71], [71, -38, 56]] -> 0 (label=0)
pink -> [[58, -5, 15], [49, 11, -15], [54, 85, -26]] -> 2 (label=2)
green -> [[57, -16, 16], [67, -43, 46], [64, -44, 32]] -> 2 (label=2)
orange -> [[47, 49, -10], [45, 26, -68], [67, 31, 70]] -> 2 (label=2)
red -> [[51, 60, 53], [58, -23, 18], [52, 17, 20]] -> 0 (label=0)
gray -> [[49, 22, 11], [52, 7, 2], [47, 33, 15]] -> 1 (label=1)
red -> [[46, 45, 10], [66, 19, 63], [63, -21, 32]] -> 1 (label=0)
gray -> [[54, 33, 41], [53, 3, -3], [66, -42, 19]] -> 1 (label=1)
orange -> [[46, 11, -28], [57, -17, 14], [56, 31, 45]] -> 2 (label=2)
blue -> [[58, -3, -47], [53, 81, -48], [60, -19, 23]] -> 0 (label=0)
blue -> [[57, 5, 22], [87, -51, -6], [36, 54, -87]] -> 2 (label=2)
gray -> [[58, 0, -52], [54, 0, 4], [40, 36, -50]] -> 1 (label=1)
purple -> [[51, 14, -1], [36, 55, -89], [70, 11, 67]] -> 1 (label=0)
orange -> [[72, 4, 67], [60, 26, 54], [62, 1, 39]] -> 1 (label=1)
concrete -> [[49, 34, -14], [43, 43, -85], [54, -3, -5]] -> 1 (label=2)
gray -> [[51, 14, -13], [53, 75, 65], [32, 72, -97]] -> 0 (label=0)
pink -> [[44, 45, -88], [48, 59, -19], [65, -40, 16]] -> 1 (label=1)
purple -> [[41, 61, -63], [36, 62, -79], [42, 23, -57]] -> 0 (label=0)
green -> [[63, -36, 18], [59, -4, 21], [50, 1, -26]] -> 0 (label=0)
mustard -> [[79, -43, 72], [48, 69, 40], [72, -8, 59]] -> 2 (label=2)
tan -> [[68, -19, 44], [61, -30, 12], [68, -57, 47]] -> 0 (label=0)
purple -> [[57, -21, 17], [51, 4, -9], [42, 47, -52]] -> 2 (label=2)
blue -> [[32, 62, -87], [67, -8, 45], [54, -3, 3]] -> 0 (label=0)
gray -> [[53, -3, -13], [58, -12, 16], [87, -67, 23]] -> 0 (label=1)
turquoise -> [[77, -74, 69], [51, 3, -7], [66, -45, 22]] -> 1 (label=2)
gray -> [[52, 6, -5], [38, 43, -79], [56, 88, -30]] -> 0 (label=0)
blue -> [[51, 84, -61], [66, -26, -14], [55, -1, -44]] -> 2 (label=2)
green -> [[67, 27, 68], [61, -18, 27], [67, -53, 48]] -> 2 (label=2)
pink -> [[53, -3, -36], [55, 88, -32], [48, 34, -10]] -> 1 (label=1)
gray -> [[75, -41, 65], [58, -14, -11], [53, 2, 1]] -> 2 (label=2)
green -> [[55, -4, -1], [52, 14, -10], [81, -77, 76]] -> 2 (label=2)
orange -> [[38, 33, -56], [62, 18, 52], [61, -38, 29]] -> 1 (label=1)
blue -> [[60, -20, -2], [84, -72, 43], [33, 66, -97]] -> 2 (label=2)
brown -> [[44, 82, -82], [76, -43, -4], [54, 7, 14]] -> 2 (label=2)
gray -> [[48, 80, -66], [55, -3, 6], [55, 84, 7]] -> 1 (label=1)
purple -> [[54, 75, 66], [44, 82, -82], [54, 0, 1]] -> 1 (label=1)
gray -> [[58, -14, -11], [53, 0, -2], [54, -6, -30]] -> 1 (label=1)
green -> [[77, -72, 63], [92, -41, 88], [39, 41, -78]] -> 0 (label=0)
orange -> [[69, 25, 72], [49, 30, -14], [57, -8, -37]] -> 0 (label=0)
yellow -> [[89, -40, 85], [65, -41, 21], [51, 86, -67]] -> 0 (label=0)
blue -> [[69, -11, 49], [52, 81, -23], [39, 59, -96]] -> 2 (label=2)
yellow -> [[77, -21, 65], [69, -15, 45], [61, -13, 25]] -> 0 (label=0)
mauve -> [[58, -15, -11], [70, -17, 50], [48, 32, -1]] -> 2 (label=2)
purple -> [[44, 19, -33], [73, -9, 61], [75, -69, 57]] -> 0 (label=0)
blue -> [[34, 64, -85], [85, -79, 62], [52, 5, 1]] -> 0 (label=0)
lime -> [[53, 0, -1], [87, -67, 25], [87, -86, 83]] -> 2 (label=2)
blue -> [[34, 71, -103], [72, -41, 57], [50, 23, 16]] -> 0 (label=0)
purple -> [[64, -46, 36], [47, 11, -23], [54, 0, 0]] -> 1 (label=1)
gray -> [[50, 20, -5], [53, 2, 1], [48, 6, -23]] -> 1 (label=1)
yellow -> [[92, -31, 89], [80, -46, 73], [55, -8, 4]] -> 0 (label=0)
blue -> [[38, 44, -61], [40, 31, -67], [50, 12, -14]] -> 1 (label=1)
gray -> [[53, 2, -1], [33, 52, -80], [53, 5, 5]] -> 2 (label=0)
red -> [[55, -6, 1], [48, 50, 35], [46, 44, -40]] -> 1 (label=1)
blue -> [[56, -11, -19], [51, 76, 11], [66, -4, 45]] -> 0 (label=0)
turquoise -> [[45, 56, -49], [71, -42, 3], [85, -60, 12]] -> 2 (label=2)
brown -> [[51, 10, 8], [73, -48, 60], [34, 48, -73]] -> 0 (label=0)
purple -> [[72, -54, 24], [49, 38, -27], [47, 40, -2]] -> 1 (label=1)
brown -> [[73, -20, 56], [55, 16, 29], [48, 37, -8]] -> 1 (label=1)
blue -> [[47, 61, 40], [33, 73, -96], [56, -8, 0]] -> 1 (label=1)
yellow -> [[52, 9, -7], [63, -39, 35], [83, -19, 76]] -> 2 (label=2)
purple -> [[56, -10, -6], [63, -3, -54], [38, 64, -75]] -> 2 (label=2)
yellow -> [[51, 9, -11], [62, -24, -4], [84, -31, 79]] -> 2 (label=2)
blue -> [[77, -36, 67], [34, 64, -83], [55, -3, 6]] -> 1 (label=1)
purple -> [[49, 36, -15], [54, 0, 0], [49, 73, 35]] -> 0 (label=0)
green -> [[65, 19, 60], [48, 26, 14], [60, -23, 24]] -> 2 (label=2)
green -> [[85, -77, 56], [55, 3, -52], [89, -61, 85]] -> 0 (label=0)
yellow -> [[64, -2, -55], [66, -9, 39], [51, 18, -12]] -> 1 (label=1)
yellow -> [[55, -7, -32], [46, 50, 10], [85, -24, 79]] -> 2 (label=2)
green -> [[48, 46, -35], [85, -82, 74], [54, 0, 0]] -> 1 (label=1)
purple -> [[42, 55, -57], [52, 5, 0], [68, -25, 46]] -> 0 (label=0)
pink -> [[39, 80, -92], [48, 80, -64], [38, 61, -72]] -> 1 (label=1)
gray -> [[52, 9, -5], [47, 51, 4], [76, -45, -1]] -> 0 (label=0)
blue -> [[60, -28, 26], [51, 11, 5], [39, 42, -80]] -> 2 (label=2)
pink -> [[73, -65, 62], [53, 81, 8], [81, 5, 82]] -> 1 (label=1)
gray -> [[47, 49, -7], [53, 1, 0], [53, 18, 23]] -> 1 (label=2)
blue -> [[58, -14, -15], [51, 72, -46], [55, -6, 7]] -> 0 (label=0)
purple -> [[50, 16, -14], [52, 5, 3], [47, 35, 12]] -> 0 (label=0)
tan -> [[76, -60, 30], [49, 59, -33], [58, 9, 32]] -> 2 (label=2)
orange -> [[50, 77, -55], [53, 44, 46], [51, 77, 61]] -> 1 (label=1)
grape -> [[50, 75, 19], [53, 87, -59], [33, 57, -80]] -> 0 (label=1)
gray -> [[72, -60, 59], [46, 10, -37], [51, 5, -8]] -> 2 (label=2)
green -> [[57, 16, 37], [69, -51, 30], [53, 2, 0]] -> 1 (label=1)
orange -> [[48, 25, 3], [47, 44, 26], [50, 41, 36]] -> 2 (label=2)
blue -> [[58, -3, -47], [46, 79, -69], [54, -2, 4]] -> 0 (label=0)
green -> [[79, -75, 63], [41, 29, -65], [50, 71, -40]] -> 0 (label=0)
blue -> [[41, 28, -45], [50, 74, -15], [43, 21, -54]] -> 2 (label=2)
yellow -> [[43, 79, -80], [52, 1, -4], [73, -14, 57]] -> 2 (label=2)
blue -> [[70, -31, -16], [91, -43, 87], [46, 29, -31]] -> 0 (label=0)
purple -> [[55, 1, 11], [46, 85, -83], [66, -39, 12]] -> 1 (label=1)
blue -> [[39, 72, -80], [47, 38, -33], [37, 39, -71]] -> 2 (label=2)
red -> [[47, 66, 41], [59, -23, 8], [47, 60, 1]] -> 0 (label=0)
green -> [[96, -25, 93], [72, -51, 18], [55, -2, 6]] -> 1 (label=1)
green -> [[49, 6, -13], [75, -70, 59], [53, 82, -24]] -> 1 (label=1)
gray -> [[51, 9, 6], [51, 10, -11], [48, 39, -14]] -> 0 (label=1)
purple -> [[64, -48, 38], [58, -7, -40], [39, 36, -54]] -> 2 (label=2)
pink -> [[76, -18, 63], [47, 64, 10], [54, 3, 7]] -> 1 (label=1)
purple -> [[44, 53, -49], [69, -52, 53], [52, 8, -6]] -> 0 (label=0)
purple -> [[48, 37, -29], [54, -4, -8], [86, -80, 63]] -> 0 (label=0)
brown -> [[87, -30, 83], [63, 6, 44], [53, -2, -8]] -> 1 (label=1)
yellow -> [[48, 54, -23], [59, -15, 19], [67, -4, 47]] -> 2 (label=2)
brown -> [[55, -1, -46], [47, 44, 25], [59, 1, 27]] -> 2 (label=2)
green -> [[61, -34, 25], [57, -5, 11], [55, -8, 5]] -> 0 (label=0)
red -> [[46, 10, -34], [47, 41, 6], [78, -57, 18]] -> 1 (label=1)
purple -> [[39, 74, -83], [48, 6, -19], [53, 33, 39]] -> 0 (label=0)
blue -> [[38, 41, -76], [87, -85, 82], [48, 14, -19]] -> 0 (label=0)
purple -> [[47, 20, -63], [52, 81, -7], [57, 94, -64]] -> 2 (label=2)
tan -> [[56, 1, 13], [47, 14, -22], [57, -17, 8]] -> 0 (label=0)
red -> [[71, -52, 23], [49, 22, -1], [47, 62, 26]] -> 2 (label=2)
gray -> [[55, 1, 11], [89, -62, 85], [79, -58, 17]] -> 0 (label=0)
dull -> [[46, 45, 15], [49, 71, 12], [73, 3, 68]] -> 2 (label=0)
gray -> [[57, 2, -54], [65, -26, 40], [52, 3, -3]] -> 2 (label=2)
gray -> [[53, 17, 20], [54, -1, 1], [55, 3, 11]] -> 1 (label=1)
blue -> [[51, 1, -33], [79, -76, 69], [48, 24, 5]] -> 0 (label=0)
yellow -> [[64, -45, 31], [48, 38, -13], [78, -39, 70]] -> 2 (label=2)
pink -> [[48, 29, -26], [48, 60, -22], [43, 28, -41]] -> 1 (label=1)
green -> [[69, -60, 51], [54, 0, 0], [37, 76, -91]] -> 0 (label=0)
purple -> [[47, 8, -24], [43, 38, -44], [45, 13, -40]] -> 1 (label=1)
blue -> [[48, 14, -19], [46, 32, -31], [52, -2, -19]] -> 2 (label=2)
green -> [[63, -35, 34], [49, 50, 40], [56, 89, -43]] -> 0 (label=0)
gray -> [[48, 66, -47], [51, 85, -62], [54, -4, -2]] -> 2 (label=2)
pink -> [[53, 17, -67], [48, 52, -24], [49, 32, -12]] -> 1 (label=1)
pink -> [[72, -13, 55], [50, 27, 21], [50, 75, -28]] -> 2 (label=2)
brown -> [[58, -10, 15], [52, 6, 2], [49, 24, -4]] -> 1 (label=1)
blue -> [[78, -75, 69], [33, 77, -106], [59, -14, 19]] -> 1 (label=1)
grass -> [[61, -31, 14], [57, 37, 53], [64, -45, 40]] -> 2 (label=2)
pink -> [[43, 16, -39], [48, 50, -13], [84, -76, 79]] -> 1 (label=1)
blue -> [[86, -45, -15], [48, 24, 12], [52, 80, -48]] -> 0 (label=0)
green -> [[56, 91, -52], [62, 51, 70], [60, -22, 5]] -> 2 (label=2)
purple -> [[44, 61, -57], [48, 35, -28], [36, 65, -81]] -> 0 (label=0)
blue -> [[92, -39, 89], [69, 1, 59], [59, -16, -19]] -> 2 (label=2)
purple -> [[55, -4, 5], [70, -55, 34], [40, 58, -63]] -> 2 (label=2)
green -> [[46, 32, -31], [70, -60, 47], [77, -56, 18]] -> 1 (label=1)
pink -> [[61, -6, -47], [53, 1, -2], [47, 54, 6]] -> 2 (label=2)
red -> [[54, 0, 0], [75, 8, 74], [47, 61, 11]] -> 1 (label=2)
brown -> [[73, -40, -4], [56, -11, 11], [46, 70, -58]] -> 1 (label=1)
blue -> [[48, 53, -39], [85, -59, 10], [43, 45, -87]] -> 2 (label=2)
blue -> [[54, -5, -8], [38, 31, -56], [50, 71, -35]] -> 1 (label=1)
gray -> [[50, 7, -12], [50, 27, -16], [48, 23, 9]] -> 0 (label=0)
orange -> [[52, 22, 23], [65, -31, 0], [54, 40, 46]] -> 2 (label=2)
blue -> [[63, 4, 42], [91, -37, 87], [33, 53, -80]] -> 2 (label=2)
mauve -> [[51, 77, 50], [55, 37, 46], [47, 28, 12]] -> 0 (label=2)
green -> [[49, 49, -32], [53, 20, 25], [75, -61, 66]] -> 2 (label=2)
gray -> [[34, 64, -95], [55, -5, 6], [57, 92, -48]] -> 1 (label=1)
purple -> [[49, 48, -26], [49, 63, -23], [48, 67, -9]] -> 0 (label=0)
purple -> [[54, 1, 4], [47, 25, -27], [75, -59, 65]] -> 1 (label=1)
blue -> [[52, 33, 36], [44, 82, -81], [38, 47, -63]] -> 2 (label=2)
blue -> [[46, 86, -84], [74, -62, 38], [74, -40, -7]] -> 2 (label=2)
orange -> [[66, 44, 72], [75, -57, 23], [46, 46, 11]] -> 0 (label=0)
blue -> [[58, -14, -3], [33, 60, -84], [80, 13, 82]] -> 1 (label=1)
gray -> [[64, -34, 10], [55, -8, 6], [64, -29, -2]] -> 1 (label=1)
green -> [[61, -3, -51], [88, -44, -17], [75, -47, 5]] -> 2 (label=2)
aqua -> [[54, 9, 16], [63, -27, -1], [70, -58, 42]] -> 2 (label=1)
purple -> [[50, 73, -16], [76, -51, 67], [38, 65, -75]] -> 2 (label=2)
gray -> [[52, 24, 27], [55, -7, -1], [61, -19, -17]] -> 1 (label=1)
purple -> [[61, -6, 26], [39, 75, -82], [85, -78, 57]] -> 1 (label=1)
purple -> [[42, 59, -61], [41, 28, -63], [69, 31, 73]] -> 0 (label=0)
gray -> [[88, -71, 84], [37, 47, -66], [53, 1, -1]] -> 2 (label=2)
mustard -> [[58, -6, 15], [69, 11, 66], [46, 20, -61]] -> 2 (label=1)
yellow -> [[81, -71, 75], [72, -46, 58], [84, -31, 79]] -> 2 (label=2)
seagreen -> [[80, -61, 24], [64, 4, 47], [63, -31, 35]] -> 1 (label=0)
green -> [[74, -24, -34], [73, -65, 62], [42, 19, -40]] -> 1 (label=1)
aqua -> [[71, -38, 54], [77, -46, 0], [50, 21, -6]] -> 1 (label=1)
green -> [[50, 10, -54], [35, 73, -93], [73, -50, 61]] -> 2 (label=2)
pink -> [[89, -64, 85], [53, 82, -18], [57, -16, 13]] -> 1 (label=1)
pink -> [[54, 77, 67], [66, -39, 43], [59, 96, -55]] -> 2 (label=2)
gray -> [[56, -5, 7], [47, 44, 0], [50, 20, -68]] -> 0 (label=0)
green -> [[56, -12, 7], [62, -31, 11], [67, -29, -8]] -> 1 (label=1)
gray -> [[63, -21, -19], [57, -11, -2], [72, -33, -16]] -> 1 (label=1)
gray -> [[49, 38, 29], [44, 35, -40], [55, -4, -2]] -> 2 (label=2)
yellow -> [[47, 37, 8], [82, -71, 43], [77, -31, 67]] -> 2 (label=2)
gray -> [[54, -4, 3], [58, -15, -1], [55, -8, -13]] -> 0 (label=0)
gray -> [[77, -70, 54], [48, 34, 1], [54, 0, 2]] -> 2 (label=2)
red -> [[81, -46, -6], [50, 21, -3], [54, 0, 0]] -> 1 (label=1)
yellow -> [[88, -41, 84], [50, 74, -29], [89, -67, 85]] -> 0 (label=0)
yellow -> [[81, -11, 76], [52, 75, 63], [37, 60, -95]] -> 0 (label=0)
red -> [[52, 1, -4], [46, 61, 39], [66, -22, 41]] -> 1 (label=1)
brown -> [[67, -25, -22], [56, 38, 50], [83, 0, 83]] -> 1 (label=1)
blue -> [[42, 76, -76], [48, 78, -63], [34, 75, -97]] -> 2 (label=2)
violet -> [[69, -22, 48], [81, -50, 1], [47, 38, 1]] -> 2 (label=2)
yellow -> [[85, -36, 80], [81, -69, 76], [70, -57, 56]] -> 0 (label=0)
brown -> [[41, 68, -71], [51, 17, -9], [54, 23, 33]] -> 2 (label=1)
blood -> [[47, 62, 37], [47, 52, 6], [47, 37, 8]] -> 0 (label=0)
green -> [[54, 0, 0], [49, 44, -21], [66, -38, 10]] -> 2 (label=2)
red -> [[81, -13, 76], [51, 77, 53], [64, -44, 28]] -> 1 (label=1)
blue -> [[48, 16, -59], [55, 21, 34], [66, -4, 45]] -> 0 (label=0)
purple -> [[42, 43, -48], [49, 63, -24], [67, -49, 31]] -> 0 (label=0)
pink -> [[50, 25, -10], [87, -59, 9], [79, -21, 70]] -> 0 (label=0)
red -> [[43, 29, -40], [52, 11, -4], [50, 27, 21]] -> 2 (label=2)
gray -> [[41, 30, -46], [74, -8, 64], [51, 3, -7]] -> 2 (label=2)
blue -> [[75, -50, 64], [61, -23, 0], [48, 86, -77]] -> 1 (label=1)
blue -> [[47, 9, -40], [54, -1, 0], [72, -51, 19]] -> 0 (label=0)
purple -> [[60, -18, -7], [55, 90, -60], [71, -63, 56]] -> 1 (label=1)
green -> [[88, -72, 83], [47, 12, -52], [51, 77, 40]] -> 0 (label=0)
aqua -> [[74, -36, -14], [80, -8, 76], [54, 28, 38]] -> 1 (label=0)
purple -> [[54, 7, 12], [53, 83, -30], [52, 68, 59]] -> 1 (label=1)
gray -> [[51, 13, -11], [50, 24, -16], [49, 54, -35]] -> 0 (label=0)
gray -> [[59, -1, 23], [53, 0, -1], [45, 26, -32]] -> 1 (label=1)
purple -> [[47, 27, -27], [51, 9, -10], [59, -3, 20]] -> 0 (label=0)
green -> [[48, 22, -23], [73, -41, 59], [53, -4, -30]] -> 1 (label=1)
pink -> [[83, -63, 78], [49, 70, -6], [58, 3, 24]] -> 1 (label=1)
purple -> [[44, 16, -33], [63, -21, -21], [50, 23, -13]] -> 2 (label=0)
gray -> [[57, -14, 3], [63, -39, 35], [43, 18, -40]] -> 0 (label=0)
sky -> [[52, -1, -30], [51, 5, -8], [54, 0, 0]] -> 0 (label=0)
pink -> [[48, 57, -15], [49, 21, 7], [67, 1, 54]] -> 0 (label=0)
blue -> [[41, 51, -91], [46, 80, -70], [66, -35, 43]] -> 0 (label=0)
green -> [[51, 1, -33], [66, -37, 43], [60, 12, 42]] -> 1 (label=1)
pink -> [[49, 31, -15], [81, -69, 39], [49, 72, -10]] -> 2 (label=2)
blue -> [[51, 2, -13], [54, 2, 9], [51, 9, 1]] -> 0 (label=0)
blue -> [[56, -11, 10], [40, 76, -82], [35, 39, -65]] -> 2 (label=2)
blue -> [[65, -25, -12], [35, 77, -100], [72, -32, 57]] -> 1 (label=1)
purple -> [[67, 20, 65], [71, -59, 58], [40, 50, -58]] -> 2 (label=2)
red -> [[68, 0, 56], [63, -42, 37], [47, 64, 41]] -> 2 (label=2)
purple -> [[39, 64, -72], [69, -39, 52], [52, 2, -45]] -> 0 (label=0)
purple -> [[45, 51, -46], [59, 4, 31], [49, 39, -21]] -> 0 (label=0)
pink -> [[55, 88, -49], [54, 0, 3], [62, -28, 32]] -> 0 (label=0)
red -> [[39, 28, -56], [50, 73, 45], [50, 82, -62]] -> 1 (label=1)
purple -> [[69, -46, 51], [53, 88, -63], [72, -40, -2]] -> 1 (label=1)
teal -> [[64, -24, -10], [44, 16, -49], [55, -8, -7]] -> 2 (label=0)
red -> [[71, -40, 56], [52, -3, -31], [48, 68, 40]] -> 2 (label=2)
yellow -> [[46, 11, -32], [76, -65, 68], [84, -13, 80]] -> 2 (label=2)
orange -> [[66, -41, 43], [63, -24, -6], [69, 35, 74]] -> 2 (label=2)
gray -> [[53, -1, -1], [75, -46, 2], [91, -28, 88]] -> 0 (label=0)
blue -> [[63, -23, -10], [49, 18, 3], [85, -68, 31]] -> 0 (label=0)
sky -> [[46, 17, -27], [69, -57, 54], [49, 67, -45]] -> 0 (label=0)
blue -> [[34, 67, -86], [44, 79, -74], [47, 35, 4]] -> 0 (label=0)
blue -> [[68, -34, -2], [50, 19, -1], [53, 82, -30]] -> 0 (label=0)
green -> [[34, 73, -94], [50, 12, -15], [80, -74, 58]] -> 2 (label=2)
blue -> [[50, 73, 41], [34, 75, -97], [70, -61, 50]] -> 1 (label=1)
red -> [[48, 70, 37], [45, 47, -42], [65, -9, 36]] -> 0 (label=0)
gray -> [[63, -43, 33], [56, -12, 11], [62, -21, 29]] -> 1 (label=1)
orange -> [[51, 12, -2], [58, -18, 17], [64, 43, 70]] -> 2 (label=2)
pink -> [[48, 37, -3], [43, 82, -84], [71, -32, -17]] -> 1 (label=0)
blue -> [[36, 63, -78], [50, 12, 4], [52, 88, -67]] -> 0 (label=0)
gray -> [[54, 0, 0], [81, -77, 68], [48, 34, -29]] -> 0 (label=0)
blue -> [[48, 62, 46], [45, 16, -53], [88, -68, 84]] -> 1 (label=1)
blue -> [[65, -24, -20], [50, 3, -12], [61, -34, 29]] -> 0 (label=0)
orange -> [[55, -8, 5], [65, 36, 69], [41, 34, -48]] -> 1 (label=1)
green -> [[74, -34, 61], [50, 48, 39], [63, 1, 41]] -> 0 (label=0)
gray -> [[55, 91, -61], [49, 13, -56], [54, 0, 0]] -> 2 (label=2)
green -> [[59, -20, 2], [47, 8, -34], [87, -85, 83]] -> 2 (label=2)
pink -> [[52, -2, -14], [75, -28, -30], [48, 44, -16]] -> 2 (label=2)
red -> [[50, 74, 54], [71, -39, 55], [72, -32, -19]] -> 0 (label=0)
brown -> [[56, 25, 40], [58, -12, -29], [86, -76, 51]] -> 0 (label=0)
purple -> [[76, -63, 38], [54, 0, 0], [49, 7, -16]] -> 2 (label=2)
yellow -> [[44, 41, -44], [70, 4, 64], [93, -26, 90]] -> 2 (label=2)
purple -> [[66, -39, 43], [73, 5, 70], [46, 37, -34]] -> 2 (label=2)
gray -> [[52, 8, 8], [60, 0, 29], [59, 13, 38]] -> 0 (label=0)
pink -> [[42, 30, -68], [52, 85, -59], [52, 80, -26]] -> 2 (label=2)
purple -> [[37, 69, -82], [64, 38, 68], [64, -23, -18]] -> 0 (label=0)
blue -> [[51, 1, -11], [81, -62, 24], [61, -6, -46]] -> 2 (label=2)
orange -> [[52, 10, -7], [84, -45, 79], [66, 40, 72]] -> 2 (label=2)
purple -> [[51, 77, -21], [78, -3, 74], [45, 63, -55]] -> 2 (label=2)
gray -> [[60, -30, 18], [58, -11, 15], [64, -38, 16]] -> 1 (label=1)
red -> [[49, 69, -4], [77, 16, 79], [51, 3, -10]] -> 1 (label=0)
sage -> [[65, -48, 42], [84, -69, 79], [85, -81, 70]] -> 0 (label=0)
purple -> [[48, 18, -21], [51, -1, -21], [44, 15, -39]] -> 0 (label=0)
pink -> [[66, -31, 41], [52, 81, -36], [47, 34, -31]] -> 1 (label=1)
yellow -> [[36, 39, -64], [48, 54, -13], [80, -26, 73]] -> 2 (label=2)
red -> [[65, -43, 24], [46, 47, 13], [57, 9, 27]] -> 1 (label=1)
olive -> [[67, -42, 47], [79, -59, 20], [80, -71, 74]] -> 0 (label=0)
bright -> [[79, -74, 59], [59, -26, 17], [50, 34, -23]] -> 2 (label=0)
pink -> [[45, 34, -37], [55, -7, 7], [48, 56, -19]] -> 2 (label=2)
brown -> [[59, 33, 55], [40, 25, -55], [62, 3, 39]] -> 0 (label=2)
blue -> [[41, 63, -67], [50, 75, 5], [52, 1, -42]] -> 2 (label=2)
pink -> [[49, 42, -24], [57, 89, -30], [75, -70, 62]] -> 1 (label=1)
blue -> [[72, -59, 39], [68, -31, -8], [73, -13, 59]] -> 1 (label=1)
pink -> [[49, 40, -25], [52, 78, -45], [64, 12, 52]] -> 1 (label=1)
yellow -> [[36, 61, -78], [70, -50, 22], [77, -37, 67]] -> 2 (label=2)
blue -> [[45, 13, -40], [68, -45, 17], [45, 29, -34]] -> 0 (label=0)
gray -> [[59, -17, -2], [52, 5, 0], [49, 61, -33]] -> 1 (label=1)
green -> [[87, -45, -16], [64, -23, 36], [61, -5, 29]] -> 1 (label=1)
tan -> [[69, -11, 47], [58, -16, 0], [51, 3, -45]] -> 0 (label=0)
orange -> [[78, -47, 70], [47, 63, 18], [67, 6, 57]] -> 2 (label=2)
gray -> [[54, 0, 0], [33, 55, -84], [87, -54, 0]] -> 0 (label=0)
purple -> [[52, 5, -6], [41, 41, -52], [75, 20, 79]] -> 1 (label=1)
pink -> [[48, 40, -8], [60, -11, 21], [50, 75, -4]] -> 2 (label=2)
red -> [[72, -44, 58], [53, 80, 61], [72, -35, -10]] -> 1 (label=1)
blue -> [[57, -11, 14], [46, 38, -82], [65, 45, 71]] -> 1 (label=1)
yellow -> [[73, -3, 65], [36, 46, -79], [72, -51, 18]] -> 0 (label=0)
purple -> [[48, 30, 16], [49, 31, -23], [61, -18, 27]] -> 1 (label=1)
green -> [[61, -15, -32], [67, -52, 47], [52, 72, 62]] -> 1 (label=1)
yellow -> [[47, 67, -52], [76, -37, -16], [91, -47, 87]] -> 2 (label=2)
purple -> [[49, 55, -37], [54, 86, -52], [49, 89, -79]] -> 2 (label=2)
blue -> [[56, 68, 67], [53, -3, -34], [67, -53, 49]] -> 1 (label=1)
green -> [[46, 11, -41], [85, -65, 81], [51, 15, -3]] -> 1 (label=1)
pink -> [[46, 84, -81], [51, 77, -25], [49, 62, -26]] -> 1 (label=1)
blue -> [[54, -3, 2], [49, 27, -22], [33, 60, -84]] -> 2 (label=2)
blue -> [[57, -10, -5], [80, -8, 77], [88, -82, 83]] -> 0 (label=0)
purple -> [[32, 70, -99], [43, 33, -41], [34, 44, -71]] -> 0 (label=1)
orange -> [[50, 25, -16], [58, 35, 53], [52, 76, 64]] -> 1 (label=1)
green -> [[58, -24, 18], [79, -74, 72], [50, 3, -14]] -> 1 (label=1)
yellow -> [[89, -7, 89], [52, 7, -53], [77, -53, 12]] -> 0 (label=0)
red -> [[66, 36, 70], [71, -35, -7], [47, 38, 8]] -> 0 (label=2)
green -> [[64, 28, 65], [87, -84, 82], [53, 1, -1]] -> 1 (label=1)
brown -> [[52, 0, -14], [49, 69, -49], [62, -3, 34]] -> 2 (label=2)
pink -> [[72, -37, 56], [56, -5, -38], [53, 89, -63]] -> 2 (label=2)
gray -> [[47, 84, -76], [47, 9, -25], [55, -6, -2]] -> 2 (label=2)
green -> [[64, 31, 65], [51, 75, -38], [84, -54, 79]] -> 2 (label=2)
brown -> [[56, -9, -5], [55, -2, 7], [66, -45, 23]] -> 1 (label=1)
yellow -> [[52, -2, -35], [94, -23, 91], [49, 24, -7]] -> 1 (label=1)
orange -> [[51, 77, 60], [71, 14, 70], [57, -2, 14]] -> 0 (label=1)
teal -> [[54, -6, 3], [50, 31, -22], [67, -38, 7]] -> 0 (label=2)
yellow -> [[77, -53, 68], [50, 13, -14], [68, 5, 60]] -> 2 (label=2)
green -> [[66, 15, 60], [47, 65, 11], [59, -25, 14]] -> 2 (label=2)
green -> [[77, -66, 40], [51, 24, 24], [49, 32, -13]] -> 0 (label=0)
tan -> [[60, -17, 24], [55, -8, 6], [65, -19, 37]] -> 2 (label=1)
blue -> [[57, -12, 2], [32, 77, -106], [50, 5, -12]] -> 1 (label=1)
blue -> [[47, 12, -22], [42, 24, -58], [46, 39, -36]] -> 1 (label=1)
blue -> [[52, 79, 53], [32, 74, -100], [63, -5, 36]] -> 1 (label=1)
purple -> [[68, -25, -26], [54, 85, -54], [47, 44, 27]] -> 1 (label=1)
gray -> [[46, 11, -26], [52, 3, -6], [49, 24, -21]] -> 1 (label=1)
red -> [[67, -17, 42], [52, 41, 42], [51, 76, 59]] -> 2 (label=2)
blue -> [[71, -38, 55], [38, 42, -59], [54, 2, 6]] -> 1 (label=1)
red -> [[69, 0, 58], [46, 54, 26], [49, 17, 7]] -> 1 (label=1)
purple -> [[52, 80, -2], [49, 25, -5], [47, 65, 12]] -> 1 (label=1)
tan -> [[74, -55, 22], [53, 82, -26], [59, -4, 19]] -> 1 (label=2)
blue -> [[63, -3, 35], [54, 0, 0], [45, 12, -39]] -> 2 (label=2)
pink -> [[53, 3, -2], [38, 44, -80], [55, 88, -34]] -> 2 (label=2)
green -> [[55, -6, 6], [49, 3, -36], [71, -65, 57]] -> 2 (label=2)
brown -> [[49, 52, -30], [49, 28, -10], [48, 25, 2]] -> 2 (label=2)
gray -> [[54, -6, 5], [90, -43, 86], [51, 43, 41]] -> 0 (label=0)
yellow -> [[57, -20, 12], [81, -73, 52], [77, -27, 65]] -> 2 (label=2)
red -> [[50, 73, 57], [53, 22, 28], [62, 54, 70]] -> 0 (label=0)
green -> [[69, 1, 58], [47, 42, -35], [86, -84, 82]] -> 2 (label=2)
yellow -> [[53, 1, 1], [42, 68, -67], [71, -2, 61]] -> 2 (label=2)
gray -> [[78, 6, 78], [51, 76, -30], [57, 0, 16]] -> 2 (label=2)
blue -> [[60, 38, 61], [43, 26, -65], [62, -27, 5]] -> 1 (label=1)
purple -> [[47, 45, 7], [52, 14, -10], [51, 20, 18]] -> 1 (label=1)
purple -> [[89, -56, 2], [40, 66, -71], [71, -26, 53]] -> 1 (label=1)
gray -> [[68, -29, 47], [38, 71, -80], [52, 6, -3]] -> 2 (label=2)
blue -> [[39, 36, -54], [48, 85, -74], [46, 42, -37]] -> 0 (label=0)
red -> [[53, 71, 62], [63, -20, -25], [76, -11, 67]] -> 0 (label=0)
purple -> [[34, 72, -93], [45, 27, -33], [46, 54, 21]] -> 0 (label=1)
blue -> [[44, 69, -63], [35, 50, -72], [49, 82, -63]] -> 1 (label=1)
pink -> [[48, 26, -25], [83, -65, 27], [52, 6, -50]] -> 0 (label=0)
purple -> [[50, 8, -13], [46, 44, 12], [62, -38, 24]] -> 0 (label=0)
pink -> [[56, 58, 62], [74, -52, 16], [52, 79, -31]] -> 2 (label=2)
blue -> [[65, 38, 70], [38, 38, -59], [46, 55, 11]] -> 1 (label=1)
blue -> [[52, 8, -8], [38, 32, -63], [69, -60, 52]] -> 1 (label=1)
brown -> [[50, 27, 22], [75, 23, 78], [51, 16, -7]] -> 1 (label=0)
gray -> [[57, -2, 13], [60, -25, 25], [49, 47, -32]] -> 0 (label=0)
blue -> [[51, 3, -42], [60, 51, 67], [41, 57, -62]] -> 0 (label=0)
gray -> [[53, 83, -30], [63, -30, 3], [52, 6, -5]] -> 2 (label=2)
blue -> [[66, 39, 71], [32, 64, -90], [47, 35, 4]] -> 1 (label=1)
blue -> [[40, 46, -84], [51, 77, -41], [39, 35, -53]] -> 0 (label=0)
green -> [[52, 6, 4], [49, 64, -30], [73, -24, 58]] -> 2 (label=2)
blue -> [[51, -1, -26], [53, -1, -1], [72, -63, 61]] -> 0 (label=0)
green -> [[73, -63, 47], [53, 81, -46], [84, -20, 78]] -> 0 (label=0)
green -> [[60, -7, 22], [64, -41, 24], [68, -14, 44]] -> 1 (label=1)
grape -> [[48, 28, 1], [63, -23, -9], [54, 84, 1]] -> 2 (label=0)
blue -> [[51, 20, -13], [57, 8, 27], [80, -34, -26]] -> 2 (label=2)
blue -> [[54, 0, 0], [52, 80, -17], [39, 34, -69]] -> 2 (label=2)
mauve -> [[52, 13, -9], [49, 27, -2], [49, 50, -24]] -> 2 (label=1)
orange -> [[51, 27, 26], [49, 85, -72], [59, 26, 51]] -> 2 (label=2)
blue -> [[57, -13, -14], [53, 0, -1], [70, -53, 30]] -> 0 (label=0)
tan -> [[65, -23, 39], [64, 7, 49], [49, 21, -20]] -> 1 (label=1)
green -> [[48, 52, -18], [60, -10, 22], [70, -39, 53]] -> 2 (label=2)
gray -> [[82, -79, 77], [52, 6, -5], [78, -46, -2]] -> 1 (label=1)
purple -> [[49, 35, 24], [49, 60, -36], [59, -15, -10]] -> 1 (label=1)
red -> [[46, 60, 30], [91, -33, 87], [52, 7, 6]] -> 0 (label=0)
gray -> [[65, -23, -22], [41, 45, -85], [54, -2, 4]] -> 2 (label=2)
orange -> [[50, 28, 22], [48, 50, 37], [47, 63, 3]] -> 1 (label=1)
blue -> [[52, 77, 62], [46, 62, -52], [35, 43, -69]] -> 2 (label=2)
gray -> [[74, -23, 59], [58, 39, 58], [58, -3, 16]] -> 2 (label=2)
yellow -> [[52, 7, -3], [59, -20, 20], [80, -11, 75]] -> 2 (label=2)
lavander -> [[58, -25, 16], [50, 15, -13], [77, -68, 48]] -> 1 (label=1)
magenta -> [[46, 43, 19], [45, 40, -84], [70, -53, 55]] -> 1 (label=0)
red -> [[48, 61, -16], [50, 74, 0], [49, 70, -49]] -> 1 (label=1)
aqua -> [[44, 79, -75], [80, -43, -9], [44, 15, -45]] -> 1 (label=1)
brown -> [[57, 41, 55], [53, 76, 65], [53, 24, 29]] -> 0 (label=2)
purple -> [[47, 17, -60], [81, -76, 65], [42, 19, -43]] -> 2 (label=2)
gold -> [[74, -52, 16], [73, -42, 59], [66, -51, 41]] -> 1 (label=1)
yellow -> [[90, -13, 88], [90, -59, 86], [66, -14, 39]] -> 0 (label=0)
sky -> [[34, 56, -78], [42, 77, -79], [41, 27, -44]] -> 0 (label=0)
purple -> [[52, 86, -61], [49, 3, -22], [56, -5, 7]] -> 0 (label=0)
pink -> [[93, -41, 89], [59, -15, -10], [49, 64, -25]] -> 2 (label=2)
purple -> [[53, 81, 35], [45, 43, -41], [67, -32, 46]] -> 1 (label=1)
purple -> [[48, 10, -18], [46, 43, 19], [87, -72, 82]] -> 0 (label=0)
khaki -> [[61, -34, 20], [64, -27, 36], [61, -10, 25]] -> 0 (label=2)
yellow -> [[76, -19, 64], [56, -1, -48], [71, -61, 57]] -> 0 (label=0)
green -> [[82, -78, 63], [42, 18, -37], [50, 67, -39]] -> 0 (label=0)
pink -> [[77, -71, 70], [50, 75, 8], [48, 53, 37]] -> 1 (label=1)
purple -> [[45, 73, -63], [36, 62, -79], [75, -24, -36]] -> 0 (label=0)
blue -> [[40, 32, -68], [60, -17, 23], [52, 11, 11]] -> 0 (label=0)
gray -> [[34, 65, -97], [60, -7, 22], [49, 43, -20]] -> 1 (label=1)
gray -> [[55, -7, -6], [81, -2, 80], [53, -2, -4]] -> 2 (label=2)
red -> [[46, 50, -42], [67, -25, -24], [53, 67, 62]] -> 2 (label=2)
orange -> [[46, 32, -32], [75, 14, 77], [48, 68, 17]] -> 1 (label=1)
purple -> [[47, 60, -2], [70, -10, 50], [51, 76, 60]] -> 0 (label=0)
pink -> [[43, 32, -41], [49, 74, -54], [69, -14, -45]] -> 1 (label=1)
purple -> [[50, 84, -65], [63, -42, 37], [58, 22, 44]] -> 0 (label=0)
purple -> [[50, 20, -4], [32, 76, -103], [58, 26, 48]] -> 1 (label=0)
green -> [[76, -63, 37], [66, -32, 0], [86, -56, 5]] -> 0 (label=0)
purple -> [[48, 52, -18], [53, -4, -27], [42, 53, -54]] -> 2 (label=2)
blue -> [[43, 27, -38], [50, 72, -36], [72, -47, 10]] -> 0 (label=0)
pink -> [[65, -4, -53], [53, 85, -55], [57, -15, 8]] -> 1 (label=1)
pink -> [[56, -8, -1], [46, 25, -29], [48, 29, 3]] -> 2 (label=2)
blue -> [[51, 2, -8], [58, -13, -13], [54, 0, 2]] -> 1 (label=1)
purple -> [[76, 15, 78], [42, 19, -46], [44, 22, -60]] -> 1 (label=1)
purple -> [[82, -60, 76], [79, -39, -15], [44, 16, -45]] -> 2 (label=2)
purple -> [[33, 52, -77], [48, 25, 7], [43, 26, -39]] -> 0 (label=2)
purple -> [[56, -10, 0], [49, 43, -20], [41, 56, -59]] -> 2 (label=2)
yellow -> [[55, -4, -2], [44, 23, -34], [71, 3, 64]] -> 2 (label=2)
tan -> [[77, -50, 5], [52, 31, 32], [56, 5, 21]] -> 1 (label=2)
magenta -> [[36, 61, -77], [59, 96, -55], [74, -46, 62]] -> 0 (label=1)
beige -> [[56, 6, 23], [55, 0, 6], [60, -8, 22]] -> 0 (label=0)
green -> [[50, 13, 6], [70, -34, 52], [38, 39, -59]] -> 1 (label=1)
purple -> [[38, 79, -94], [51, 78, 10], [71, -34, 55]] -> 0 (label=0)
blue -> [[50, 67, -34], [58, -11, 17], [31, 74, -102]] -> 2 (label=2)
green -> [[54, -3, 0], [72, -47, 58], [49, 33, -18]] -> 1 (label=1)
purple -> [[45, 45, -42], [38, 33, -55], [44, 30, -36]] -> 0 (label=0)
yellow -> [[79, -3, 77], [47, 58, 0], [49, 58, 46]] -> 0 (label=0)
magenta -> [[54, -2, 4], [88, -46, 84], [52, 81, -44]] -> 2 (label=2)
pink -> [[51, 0, -13], [49, 29, -10], [65, -48, 36]] -> 1 (label=1)
yellow -> [[87, -25, 82], [69, -53, 32], [59, -15, -7]] -> 0 (label=0)
mustard -> [[58, -14, -21], [49, 24, -3], [67, 13, 63]] -> 0 (label=2)
gray -> [[47, 49, 4], [52, 5, -2], [56, -11, -16]] -> 1 (label=1)
orange -> [[53, 16, 23], [56, 0, 12], [52, 10, 7]] -> 0 (label=0)
blue -> [[77, -42, 69], [47, 24, -69], [50, 22, -17]] -> 1 (label=1)
caca -> [[69, -12, 46], [84, -64, 23], [71, -32, -17]] -> 0 (label=0)
purple -> [[38, 50, -65], [47, 75, -60], [32, 72, -101]] -> 1 (label=0)
green -> [[62, -1, -55], [63, -34, 36], [49, 87, -74]] -> 1 (label=1)
gray -> [[48, 50, -11], [55, -5, 5], [56, -17, 11]] -> 1 (label=1)
yellow -> [[46, 32, -77], [67, -43, 47], [82, -24, 75]] -> 2 (label=2)
gray -> [[48, 82, -67], [49, 5, -21], [75, 17, 78]] -> 1 (label=1)
blue -> [[50, 5, -44], [53, 4, 6], [54, 73, 65]] -> 0 (label=0)
purple -> [[50, 1, -19], [47, 35, 15], [71, -49, 18]] -> 0 (label=0)
blue -> [[35, 46, -69], [45, 26, -34], [46, 40, -37]] -> 0 (label=0)
gray -> [[52, 8, -8], [69, -50, 25], [55, 12, -63]] -> 0 (label=0)
blue -> [[53, 1, 2], [53, -2, -4], [55, -9, -22]] -> 2 (label=2)
gray -> [[87, -83, 82], [85, -57, 8], [55, -8, 4]] -> 2 (label=2)
blue -> [[45, 15, -49], [62, -27, 1], [53, 12, 17]] -> 0 (label=0)
purple -> [[43, 59, -56], [44, 16, -50], [65, -39, 13]] -> 0 (label=0)
blue -> [[46, 11, -35], [55, 86, -15], [57, -11, -3]] -> 0 (label=0)
gray -> [[81, -69, 75], [38, 53, -65], [50, 37, -23]] -> 2 (label=2)
brown -> [[53, 91, -70], [67, 1, 52], [54, 10, -61]] -> 1 (label=1)
purple -> [[74, 7, 73], [48, 51, -19], [54, -2, -1]] -> 1 (label=1)
green -> [[71, -13, 51], [79, -75, 73], [46, 47, -41]] -> 1 (label=1)
purple -> [[43, 25, -39], [66, -51, 46], [45, 14, -45]] -> 0 (label=0)
blue -> [[90, -44, 86], [40, 51, -90], [50, 76, 5]] -> 1 (label=1)
green -> [[71, -50, 20], [55, -8, 5], [48, 69, 18]] -> 0 (label=0)
green -> [[81, -77, 65], [53, 16, -66], [54, 0, 0]] -> 0 (label=0)
green -> [[71, -7, 59], [72, -65, 52], [50, 1, -31]] -> 1 (label=1)
green -> [[54, -2, 0], [69, -60, 51], [63, -20, -26]] -> 1 (label=1)
blue -> [[64, -21, -25], [69, -30, 48], [36, 42, -73]] -> 2 (label=2)
gray -> [[54, -4, 3], [69, -8, 50], [77, -73, 64]] -> 0 (label=0)
purple -> [[68, 5, 58], [36, 56, -91], [44, 68, -61]] -> 2 (label=2)
blue -> [[38, 62, -71], [46, 32, -76], [42, 49, -51]] -> 1 (label=1)
purple -> [[63, -41, 36], [75, 24, 79], [40, 53, -62]] -> 2 (label=2)
purple -> [[54, 0, 0], [50, 62, 51], [50, 31, -16]] -> 2 (label=2)
gray -> [[51, 0, -22], [53, -1, -2], [54, -5, -32]] -> 1 (label=1)
red -> [[48, 45, -34], [75, -29, -28], [47, 58, 13]] -> 2 (label=2)
red -> [[53, 9, -58], [49, 8, -15], [47, 65, 40]] -> 2 (label=2)
gray -> [[50, 74, -11], [45, 28, -35], [55, -5, -2]] -> 2 (label=2)
green -> [[62, -41, 31], [61, -2, 31], [66, -15, -40]] -> 0 (label=0)
purple -> [[46, 24, -29], [54, 0, 0], [47, 61, 1]] -> 0 (label=0)
yellow -> [[80, -56, 73], [55, 1, 9], [86, -43, 82]] -> 2 (label=2)
red -> [[36, 74, -90], [49, 71, 45], [49, 37, -27]] -> 1 (label=1)
green -> [[31, 69, -97], [61, -34, 24], [48, 45, -19]] -> 1 (label=1)
yellow -> [[57, -15, 7], [67, 0, 52], [47, 43, 7]] -> 1 (label=1)
purple -> [[40, 51, -59], [40, 36, -74], [48, 7, -21]] -> 0 (label=0)
purple -> [[54, 0, 0], [43, 64, -61], [38, 76, -89]] -> 1 (label=1)
purple -> [[50, 2, -20], [45, 43, -40], [80, -48, -3]] -> 1 (label=1)
pink -> [[43, 26, -40], [60, -7, -44], [56, 92, -61]] -> 2 (label=2)
green -> [[55, 0, 7], [59, -4, 19], [57, -22, 17]] -> 2 (label=2)
blue -> [[54, -5, -29], [78, -61, 71], [51, 69, 59]] -> 0 (label=0)
green -> [[70, -51, 25], [42, 36, -46], [74, 18, 76]] -> 0 (label=0)
turquoise -> [[48, 69, 40], [38, 49, -65], [76, -25, -36]] -> 2 (label=2)
bright -> [[48, 57, -41], [45, 20, -29], [49, 23, -3]] -> 0 (label=0)
brown -> [[55, 3, 16], [43, 44, -46], [54, -3, 1]] -> 0 (label=0)
gray -> [[59, -26, 17], [55, -5, 6], [63, -20, -22]] -> 1 (label=1)
gray -> [[58, -14, -14], [55, -4, 6], [46, 38, -82]] -> 1 (label=1)
aqua -> [[32, 76, -103], [79, -61, 25], [70, -55, 56]] -> 1 (label=1)
gray -> [[48, 7, -18], [64, 36, 68], [78, -62, 71]] -> 0 (label=0)
red -> [[60, 59, 69], [76, -64, 39], [53, 69, 63]] -> 2 (label=2)
gray -> [[54, 84, -6], [53, -1, -3], [54, -6, -19]] -> 1 (label=1)
purple -> [[35, 45, -75], [48, 86, -77], [62, 14, 50]] -> 1 (label=1)
blue -> [[62, -19, -19], [88, -15, 85], [47, 64, 33]] -> 0 (label=0)
green -> [[66, -30, 42], [61, -15, -30], [60, 11, 42]] -> 0 (label=0)
green -> [[71, -16, 52], [48, 44, -32], [62, -5, -49]] -> 0 (label=0)
pink -> [[51, 90, -75], [53, 23, 28], [52, 79, -23]] -> 2 (label=2)
pink -> [[61, -36, 29], [48, 58, -20], [67, 36, 72]] -> 1 (label=1)
yellow -> [[95, -26, 92], [47, 56, -6], [86, -82, 82]] -> 0 (label=0)
grapes -> [[69, 21, 70], [52, -2, -33], [42, 46, -51]] -> 0 (label=2)
purple -> [[44, 84, -85], [61, -37, 30], [66, -3, 47]] -> 0 (label=0)
green -> [[73, -34, 60], [35, 76, -95], [54, 91, -63]] -> 0 (label=0)
beige -> [[45, 40, -40], [55, -8, -21], [61, -6, 24]] -> 2 (label=2)
red -> [[48, 63, 47], [49, 51, -31], [61, -33, 30]] -> 0 (label=0)
green -> [[64, 49, 72], [82, -78, 77], [38, 67, -79]] -> 1 (label=1)
blue -> [[54, -3, 0], [60, -31, 21], [44, 16, -49]] -> 2 (label=2)
grape -> [[46, 65, -52], [44, 81, -78], [46, 54, 30]] -> 2 (label=0)
blue -> [[46, 38, -82], [57, -17, 8], [47, 9, -25]] -> 0 (label=0)
yellow -> [[61, -33, 29], [95, -26, 92], [54, 0, 0]] -> 1 (label=1)
blue -> [[84, -78, 59], [44, 15, -35], [58, 10, -64]] -> 2 (label=2)
purple -> [[37, 60, -74], [78, -56, 16], [49, 73, 31]] -> 0 (label=0)
purple -> [[34, 50, -81], [39, 67, -75], [49, 68, -14]] -> 1 (label=1)
blue -> [[64, -35, 9], [67, -26, -21], [48, 7, -21]] -> 1 (label=1)
gray -> [[53, 3, 1], [56, -12, 4], [53, 3, -3]] -> 0 (label=1)
orange -> [[75, -25, 63], [66, -22, -27], [51, 62, 55]] -> 2 (label=2)
teal -> [[50, 10, -12], [77, -46, -2], [96, -27, 93]] -> 0 (label=1)
purple -> [[53, -5, -15], [37, 44, -78], [41, 43, -51]] -> 2 (label=2)
purple -> [[79, -75, 73], [53, 4, -3], [71, -31, -18]] -> 1 (label=1)
gray -> [[57, -6, 13], [67, -5, 49], [49, 17, 7]] -> 2 (label=0)
green -> [[62, -23, 31], [49, 15, -16], [73, -66, 54]] -> 2 (label=2)
yellow -> [[51, 15, -7], [55, -6, 3], [66, -12, 37]] -> 2 (label=2)
purple -> [[51, 19, -12], [32, 59, -86], [47, 56, -9]] -> 1 (label=0)
purple -> [[48, 36, -11], [47, 59, 19], [52, -1, -34]] -> 0 (label=0)
green -> [[72, -31, -21], [69, -56, 41], [47, 31, -29]] -> 1 (label=1)
gray -> [[77, -8, 71], [54, -3, 3], [63, -43, 34]] -> 1 (label=1)
green -> [[59, -26, 23], [72, -65, 54], [53, 83, -28]] -> 1 (label=1)
pink -> [[52, 80, -39], [79, -44, -8], [54, 0, 0]] -> 0 (label=0)
orange -> [[62, -34, 18], [70, 34, 75], [49, 70, 46]] -> 1 (label=1)
gray -> [[54, 0, 0], [58, -13, 15], [56, 2, 16]] -> 0 (label=0)
seafoam -> [[82, -57, 11], [66, -3, 46], [46, 24, -68]] -> 2 (label=0)
brown -> [[55, 10, 22], [53, 65, 60], [64, -36, 14]] -> 0 (label=0)
aqua -> [[46, 67, -53], [52, 8, -6], [64, -40, 21]] -> 2 (label=2)
orange -> [[89, -49, -10], [60, 17, 47], [58, -17, 0]] -> 1 (label=1)
red -> [[52, 78, 60], [73, -32, -20], [86, -75, 82]] -> 0 (label=0)
brown -> [[36, 68, -85], [55, -5, 0], [57, 4, 22]] -> 2 (label=2)
purple -> [[80, -79, 75], [52, 89, -70], [56, -7, -4]] -> 1 (label=1)
pink -> [[49, 4, -19], [39, 69, -76], [49, 43, -24]] -> 2 (label=2)
aqua -> [[70, -50, 21], [50, 72, -38], [61, -20, 27]] -> 0 (label=0)
gray -> [[54, -4, -3], [49, 38, -19], [67, -25, 45]] -> 0 (label=0)
lime -> [[65, -45, 30], [82, -78, 63], [54, -6, -26]] -> 1 (label=1)
yellow -> [[78, 14, 80], [53, 2, 2], [62, -21, -10]] -> 0 (label=0)
gray -> [[47, 9, -26], [50, 14, 1], [52, 1, -4]] -> 2 (label=2)
olive -> [[78, -62, 28], [64, -26, 36], [62, -38, 23]] -> 1 (label=1)
blue -> [[52, 27, 27], [50, 35, -24], [33, 66, -97]] -> 2 (label=2)
purple -> [[48, 8, -18], [64, -2, 42], [43, 71, -67]] -> 2 (label=2)
purple -> [[37, 34, -57], [77, -73, 69], [49, 60, -29]] -> 2 (label=2)
gold -> [[55, -9, -13], [77, -3, 74], [54, 13, 23]] -> 1 (label=1)
gray -> [[55, -8, 6], [35, 59, -77], [53, 79, 61]] -> 0 (label=0)
gray -> [[49, 32, -15], [66, -27, -10], [58, -17, 5]] -> 2 (label=2)
green -> [[84, -2, 84], [53, 55, 54], [72, -64, 54]] -> 2 (label=2)
orange -> [[48, 40, -30], [59, -1, -51], [57, 34, 51]] -> 2 (label=2)
green -> [[65, -43, 42], [53, 3, -2], [33, 51, -79]] -> 0 (label=0)
gray -> [[52, -2, -22], [34, 63, -83], [49, 33, -18]] -> 0 (label=0)
barney -> [[49, 72, 6], [60, -19, -11], [46, 71, -60]] -> 0 (label=2)
brown -> [[55, -6, 6], [46, 30, -75], [57, -2, 13]] -> 0 (label=2)
blue -> [[51, 2, -13], [55, -6, 5], [59, -17, -11]] -> 2 (label=2)
green -> [[63, -22, -13], [57, 91, -38], [77, -69, 49]] -> 2 (label=2)
neon -> [[72, -40, -3], [84, -82, 78], [49, 69, -16]] -> 1 (label=1)
purple -> [[53, 15, -64], [62, -37, 23], [48, 43, -13]] -> 2 (label=2)
green -> [[66, -2, 49], [89, -66, 21], [82, -67, 77]] -> 2 (label=2)
purple -> [[50, 62, -38], [53, 3, -2], [47, 45, 6]] -> 0 (label=0)
orange -> [[56, 69, 67], [56, -12, 5], [48, 70, 41]] -> 0 (label=0)
purple -> [[51, 89, -71], [54, 84, 9], [63, -22, 32]] -> 0 (label=0)
purple -> [[49, 29, -10], [51, 9, -11], [48, 26, 11]] -> 0 (label=0)
gray -> [[51, 0, -15], [53, 0, -2], [55, -7, 1]] -> 1 (label=1)
gray -> [[53, 2, -1], [52, -3, -29], [45, 75, -68]] -> 0 (label=0)
green -> [[47, 54, 36], [80, -76, 66], [64, -31, 2]] -> 1 (label=1)
pink -> [[73, -37, -9], [70, -56, 35], [48, 65, 1]] -> 2 (label=2)
peach -> [[55, 14, 28], [50, 14, 1], [78, -65, 72]] -> 1 (label=0)
sky -> [[83, 1, 83], [52, 51, 48], [81, -37, -22]] -> 2 (label=2)
purple -> [[42, 28, -43], [44, 47, -47], [46, 11, -33]] -> 1 (label=1)
blue -> [[42, 48, -52], [31, 67, -94], [48, 68, 40]] -> 1 (label=1)
gray -> [[61, -6, 26], [56, -1, 10], [56, -6, 8]] -> 1 (label=1)
gray -> [[50, 4, -17], [41, 45, -54], [44, 23, -62]] -> 0 (label=0)
green -> [[66, -15, -39], [72, -45, 57], [56, -11, 3]] -> 1 (label=1)
grape -> [[50, 76, 1], [47, 50, -1], [49, 46, -27]] -> 0 (label=2)
purple -> [[63, -27, -1], [50, 62, -40], [47, 57, -9]] -> 1 (label=1)
brown -> [[68, -34, 47], [86, -83, 73], [81, -71, 76]] -> 0 (label=0)
teal -> [[47, 77, -61], [70, -48, 19], [69, -28, 49]] -> 1 (label=1)
aqua -> [[54, 0, 0], [48, 69, 37], [75, -39, -10]] -> 2 (label=2)
purple -> [[45, 21, -31], [66, -25, 40], [69, -14, -44]] -> 0 (label=0)
gray -> [[49, 17, 5], [55, -8, 8], [57, -20, 11]] -> 0 (label=1)
purple -> [[39, 69, -76], [92, -21, 89], [66, -47, 29]] -> 0 (label=0)
purple -> [[51, 72, 59], [59, -22, 8], [46, 23, -28]] -> 2 (label=2)
blue -> [[45, 64, -56], [33, 77, -101], [46, 54, 21]] -> 1 (label=1)
gray -> [[53, -1, -40], [54, 0, 0], [59, 37, 57]] -> 1 (label=1)
purple -> [[65, -26, -11], [48, 38, -11], [72, -41, 59]] -> 1 (label=1)
purple -> [[47, 50, 6], [56, 90, -47], [47, 65, -51]] -> 2 (label=2)
blue -> [[63, -22, -12], [67, -10, 43], [43, 30, -40]] -> 2 (label=0)
orange -> [[60, -26, 10], [59, 25, 49], [33, 74, -98]] -> 1 (label=1)
green -> [[62, -9, 27], [66, -42, 16], [41, 41, -52]] -> 1 (label=1)
blue -> [[61, -20, -5], [48, 48, -20], [84, -35, 78]] -> 0 (label=0)
neon -> [[51, 82, -58], [48, 30, -27], [49, 34, -18]] -> 0 (label=0)
blue -> [[47, 38, 19], [44, 83, -82], [36, 40, -69]] -> 2 (label=2)
dull -> [[60, -32, 23], [70, -57, 39], [70, -48, 53]] -> 2 (label=0)
green -> [[65, -41, 19], [49, 46, -22], [73, -28, 58]] -> 0 (label=0)
green -> [[65, -24, -20], [78, -73, 62], [40, 76, -82]] -> 1 (label=1)
gold -> [[66, -23, 41], [63, -38, 23], [60, -20, 25]] -> 0 (label=0)
pink -> [[47, 47, -1], [59, -22, 22], [44, 47, -44]] -> 0 (label=0)
red -> [[70, -58, 40], [50, 18, 0], [54, -3, 1]] -> 1 (label=1)
gray -> [[51, 77, 7], [63, -10, -43], [55, -1, 4]] -> 2 (label=2)
gray -> [[79, -55, 11], [50, 19, 13], [54, 0, 0]] -> 2 (label=2)
green -> [[52, 9, -5], [50, 71, -38], [68, -41, 8]] -> 2 (label=2)
blue -> [[33, 53, -82], [70, -58, 40], [60, 5, 34]] -> 0 (label=0)
purple -> [[74, -67, 54], [58, -6, -42], [45, 53, -47]] -> 2 (label=2)
orange -> [[80, -53, 8], [68, 11, 63], [57, -10, -31]] -> 1 (label=1)
gray -> [[53, 3, -2], [42, 75, -77], [90, -60, 86]] -> 0 (label=0)
gray -> [[44, 44, -87], [75, -6, 67], [52, 5, 0]] -> 2 (label=2)
green -> [[49, 70, -4], [62, -38, 34], [75, -42, -5]] -> 1 (label=1)
gray -> [[59, 10, 36], [69, -44, 51], [56, -11, 10]] -> 2 (label=2)
neon -> [[66, -34, 44], [86, -79, 81], [53, 2, -1]] -> 1 (label=1)
blue -> [[73, -64, 61], [56, 89, -36], [54, -5, -34]] -> 2 (label=2)
red -> [[51, 10, 3], [64, -38, 37], [48, 30, 16]] -> 2 (label=2)
gray -> [[59, -13, 19], [55, 3, -51], [53, -1, -1]] -> 2 (label=2)
green -> [[61, -19, -7], [52, 3, -6], [58, -20, 18]] -> 2 (label=2)
gray -> [[47, 59, -6], [46, 43, 11], [50, 27, -12]] -> 2 (label=2)
purple -> [[60, 0, -55], [46, 56, 30], [35, 77, -97]] -> 2 (label=2)
brown -> [[58, 29, 50], [53, 79, 66], [53, 82, -19]] -> 0 (label=0)
purple -> [[49, 38, 28], [35, 44, -74], [47, 12, -22]] -> 1 (label=2)
orange -> [[70, -5, 58], [78, -54, 70], [74, -48, 7]] -> 0 (label=0)
purple -> [[50, 88, -73], [60, 14, 42], [93, -38, 89]] -> 0 (label=0)
orange -> [[45, 18, -29], [62, -21, 29], [66, 36, 70]] -> 2 (label=2)
gray -> [[50, 45, 37], [59, -20, 4], [45, 53, -47]] -> 1 (label=1)
yellow -> [[35, 43, -68], [48, 43, -18], [89, -47, 85]] -> 2 (label=2)
brown -> [[51, 20, 17], [91, -39, 88], [88, -57, 4]] -> 0 (label=0)
olive -> [[62, -31, 31], [35, 56, -76], [56, -10, 2]] -> 1 (label=0)
purple -> [[49, 59, -30], [43, 57, -55], [73, 3, 69]] -> 1 (label=1)
orange -> [[53, 39, 42], [50, 74, -13], [51, 10, -11]] -> 0 (label=0)
green -> [[60, -24, 26], [46, 20, -28], [58, 5, 29]] -> 0 (label=0)
pink -> [[49, 58, -31], [75, -66, 46], [68, -11, -47]] -> 0 (label=0)
blue -> [[40, 34, -69], [41, 42, -50], [59, -17, -2]] -> 0 (label=0)
brown -> [[66, -15, 40], [74, -33, 61], [50, 65, -36]] -> 0 (label=0)
brown -> [[50, 15, -13], [48, 9, -18], [52, 7, 5]] -> 2 (label=2)
gray -> [[60, 54, 67], [55, -6, -7], [52, 79, 31]] -> 1 (label=1)
blue -> [[82, -78, 77], [54, -7, -28], [52, 90, -70]] -> 1 (label=1)
green -> [[76, -60, 28], [87, -18, 83], [47, 24, -27]] -> 0 (label=0)
gray -> [[53, 1, -2], [54, -7, -18], [54, 2, 4]] -> 0 (label=0)
blue -> [[54, 6, 12], [34, 46, -75], [74, -69, 64]] -> 1 (label=1)
gray -> [[80, -15, 73], [54, 0, 0], [66, -41, 17]] -> 1 (label=1)
gray -> [[49, 8, -16], [52, 80, 27], [54, -1, -43]] -> 0 (label=0)
green -> [[68, -43, 49], [34, 46, -75], [63, -19, -28]] -> 0 (label=0)
purple -> [[45, 39, -39], [78, -74, 71], [77, -40, -12]] -> 0 (label=0)
purple -> [[48, 39, -11], [66, -43, 18], [53, 2, -1]] -> 0 (label=0)
green -> [[65, -49, 40], [65, -9, 37], [47, 16, -25]] -> 0 (label=0)
neon -> [[50, 32, 25], [84, -78, 79], [73, -50, 61]] -> 1 (label=1)
green -> [[53, 81, 6], [61, -24, 27], [45, 12, -42]] -> 1 (label=1)
brown -> [[52, 20, 22], [68, -14, 43], [49, 70, -6]] -> 0 (label=0)
gray -> [[51, 16, -64], [54, -2, 1], [83, -82, 79]] -> 1 (label=1)
tan -> [[49, 13, -16], [65, 13, 57], [32, 70, -94]] -> 1 (label=1)
orange -> [[40, 63, -68], [56, -9, -4], [58, 30, 50]] -> 2 (label=2)
green -> [[66, 5, 53], [61, -12, 26], [70, -9, 53]] -> 1 (label=1)
blue -> [[42, 31, -43], [66, -40, 42], [36, 42, -73]] -> 2 (label=2)
orange -> [[55, 27, 38], [86, -77, 52], [47, 68, -54]] -> 0 (label=0)
purple -> [[49, 31, -22], [88, -30, 84], [33, 51, -77]] -> 0 (label=0)
purple -> [[67, 39, 73], [37, 79, -97], [81, -17, 72]] -> 1 (label=1)
pink -> [[83, -45, 78], [45, 18, -30], [52, 79, -31]] -> 2 (label=2)
gray -> [[61, -19, -17], [54, -6, 3], [63, -33, 9]] -> 1 (label=1)
blue -> [[82, -23, 75], [58, -1, 22], [41, 44, -53]] -> 2 (label=2)
blue -> [[41, 47, -54], [36, 39, -64], [46, 15, -27]] -> 1 (label=1)
green -> [[78, -64, 35], [69, -24, -30], [57, -18, 14]] -> 0 (label=0)
green -> [[49, 19, 4], [63, -34, 13], [38, 33, -56]] -> 1 (label=1)
yellow -> [[47, 64, -49], [74, -11, 62], [41, 29, -66]] -> 1 (label=1)
purple -> [[52, 3, -6], [63, -34, 35], [42, 75, -76]] -> 2 (label=2)
salmon -> [[49, 25, -5], [46, 57, -48], [50, 28, -77]] -> 0 (label=0)
blue -> [[48, 73, -56], [82, -78, 77], [57, 7, -60]] -> 2 (label=2)
gray -> [[48, 69, 16], [57, -12, 2], [47, 66, -51]] -> 1 (label=1)
pink -> [[36, 40, -63], [44, 58, -54], [48, 80, -66]] -> 2 (label=2)
blue -> [[86, -67, 27], [35, 55, -88], [52, 79, 29]] -> 1 (label=1)
green -> [[67, -45, 46], [83, -16, 78], [76, -60, 27]] -> 2 (label=0)
green -> [[54, 6, 12], [66, -44, 20], [65, -28, -5]] -> 1 (label=1)
orange -> [[57, 13, 34], [65, 42, 71], [53, -4, -29]] -> 1 (label=1)
gray -> [[56, -2, 8], [49, 43, 32], [50, 21, -16]] -> 0 (label=0)
red -> [[47, 77, -63], [53, 79, 58], [61, -32, 17]] -> 1 (label=1)
yellow -> [[82, 0, 81], [53, 1, -3], [44, 47, -47]] -> 0 (label=0)
lavender -> [[50, 3, -20], [50, 6, -12], [53, 2, 1]] -> 0 (label=1)
yellow -> [[47, 20, -25], [34, 66, -88], [91, -28, 88]] -> 2 (label=2)
gray -> [[57, -11, -26], [88, -73, 38], [53, -1, -1]] -> 2 (label=2)
purple -> [[40, 79, -88], [46, 9, -28], [71, -22, 52]] -> 0 (label=0)
orange -> [[51, 12, 6], [55, 33, 43], [72, -51, 18]] -> 1 (label=1)
olive -> [[56, -6, 11], [50, 70, 57], [55, -1, -45]] -> 2 (label=0)
green -> [[53, 2, 2], [59, -14, 20], [65, -43, 25]] -> 2 (label=2)
gray -> [[88, -70, 84], [57, 10, 31], [55, -1, 5]] -> 2 (label=2)
blue -> [[65, -45, 27], [53, 17, -68], [50, 26, 19]] -> 1 (label=1)
blue -> [[49, 33, -24], [60, 2, 33], [52, 14, -63]] -> 2 (label=2)
purple -> [[47, 64, -50], [55, -5, -6], [84, -45, -12]] -> 0 (label=0)
gray -> [[56, 2, 17], [53, 8, 13], [54, -6, 3]] -> 2 (label=2)
green -> [[93, -33, 90], [61, -19, 27], [55, 86, -19]] -> 0 (label=1)
tan -> [[43, 22, -57], [66, -19, 40], [49, 58, -32]] -> 1 (label=1)
teal -> [[80, -63, 74], [65, -43, 24], [74, -51, 63]] -> 1 (label=1)
pink -> [[61, -9, 23], [51, 5, -9], [48, 65, 9]] -> 2 (label=2)
bright -> [[63, -33, 11], [65, -33, 40], [78, -62, 30]] -> 1 (label=2)
blue -> [[51, 6, -8], [42, 19, -44], [72, 17, 73]] -> 1 (label=1)
green -> [[65, -34, 39], [49, 64, -30], [69, -26, -24]] -> 0 (label=0)
tan -> [[70, -44, 10], [52, 27, 28], [37, 64, -76]] -> 1 (label=1)
tan -> [[66, 0, 49], [47, 62, 29], [37, 34, -64]] -> 1 (label=0)
green -> [[77, -69, 70], [42, 34, -75], [50, 74, 0]] -> 0 (label=0)
pink -> [[52, -2, -14], [42, 20, -43], [49, 25, -22]] -> 2 (label=2)
orange -> [[58, -4, 15], [58, 34, 54], [73, -7, 61]] -> 1 (label=1)
blue -> [[57, -11, -7], [72, 14, 72], [51, 4, -9]] -> 0 (label=0)
orange -> [[54, 40, 46], [63, -8, 31], [53, 3, -3]] -> 0 (label=0)
orange -> [[64, -16, 35], [66, 45, 73], [63, -23, -11]] -> 1 (label=1)
pink -> [[47, 62, 21], [61, -6, 26], [50, 82, -63]] -> 2 (label=0)
purple -> [[47, 9, -21], [66, -40, 14], [85, -26, 80]] -> 0 (label=0)
green -> [[52, -2, -19], [53, 72, 64], [73, -60, 35]] -> 2 (label=2)
purple -> [[66, -17, 38], [58, 21, 44], [45, 51, -46]] -> 2 (label=2)
green -> [[55, 58, 60], [85, -65, 23], [65, -10, 36]] -> 1 (label=1)
pink -> [[57, -12, -17], [75, -34, 64], [54, 85, -40]] -> 2 (label=2)
blue -> [[49, 43, -26], [46, 14, -26], [56, -10, 3]] -> 1 (label=1)
gray -> [[53, 1, 1], [48, 63, -6], [60, -6, 21]] -> 0 (label=0)
purple -> [[47, 11, -23], [69, -50, 26], [47, 45, -2]] -> 2 (label=0)
blue -> [[83, -80, 72], [70, -31, -14], [37, 51, -87]] -> 2 (label=2)
gray -> [[56, -9, 11], [52, 1, -42], [49, 77, -57]] -> 0 (label=0)
green -> [[37, 38, -61], [67, -55, 47], [57, -11, -2]] -> 1 (label=1)
red -> [[49, 24, -6], [62, 5, 40], [52, 76, 63]] -> 2 (label=2)
yellow -> [[59, 39, 60], [79, 11, 81], [68, -29, -14]] -> 1 (label=1)
orange -> [[54, 86, -41], [57, 16, 36], [80, -76, 67]] -> 1 (label=1)
green -> [[51, 9, 4], [48, 50, -37], [85, -80, 66]] -> 2 (label=2)
purple -> [[76, 12, 78], [40, 63, -69], [79, -53, 72]] -> 1 (label=1)
pink -> [[48, 40, -7], [55, -4, 5], [45, 13, -29]] -> 0 (label=0)
orange -> [[65, 14, 58], [40, 39, -52], [53, 81, 4]] -> 0 (label=0)
grass -> [[76, -71, 59], [62, -5, 28], [51, 76, 43]] -> 0 (label=0)
barney -> [[40, 60, -64], [40, 78, -85], [39, 37, -54]] -> 1 (label=1)
pink -> [[51, 76, -8], [60, -17, -8], [39, 67, -75]] -> 0 (label=0)
purple -> [[48, 6, -29], [62, -27, 31], [48, 7, -20]] -> 2 (label=2)
gray -> [[54, -2, 1], [41, 23, -48], [86, -76, 49]] -> 0 (label=0)
green -> [[72, -60, 42], [54, 2, 5], [74, 13, 75]] -> 0 (label=0)
orange -> [[45, 19, -31], [63, 19, 56], [89, -32, 85]] -> 1 (label=1)
teal -> [[64, -46, 36], [76, -51, 8], [69, -42, 9]] -> 2 (label=1)
yellow -> [[78, -11, 71], [67, -53, 39], [54, 25, 35]] -> 0 (label=0)
yellow -> [[37, 53, -69], [85, -14, 81], [88, -78, 83]] -> 1 (label=1)
purple -> [[48, 45, -34], [38, 36, -56], [38, 71, -82]] -> 2 (label=0)
orange -> [[67, -38, 6], [54, 50, 52], [47, 65, -51]] -> 1 (label=1)
blue -> [[81, -42, 74], [82, -55, 7], [39, 75, -83]] -> 2 (label=1)
purple -> [[60, -2, 26], [89, -7, 89], [49, 42, -22]] -> 2 (label=2)
blue -> [[46, 58, 22], [60, -12, 22], [59, -15, -4]] -> 2 (label=2)
gray -> [[50, 0, -25], [45, 83, -78], [54, 0, 0]] -> 2 (label=2)
blue -> [[58, -14, -5], [50, 6, -11], [57, -12, 0]] -> 0 (label=0)
blue -> [[60, 4, -58], [90, -31, 87], [50, 56, -36]] -> 0 (label=0)
gray -> [[58, -1, 21], [53, 3, 3], [56, -10, 3]] -> 1 (label=1)
blue -> [[53, 3, -3], [44, 14, -34], [69, -20, 47]] -> 1 (label=1)
purple -> [[34, 78, -102], [44, 38, -40], [47, 36, -82]] -> 0 (label=1)
pink -> [[57, 91, -42], [56, -3, 9], [45, 40, -84]] -> 0 (label=0)
gray -> [[71, -40, 0], [55, -6, 7], [91, -33, 87]] -> 1 (label=1)
purple -> [[32, 58, -85], [45, 61, -52], [74, -49, 10]] -> 1 (label=1)
green -> [[47, 33, 15], [70, -23, -32], [82, -76, 58]] -> 2 (label=2)
gray -> [[53, 18, 24], [55, 24, 36], [52, 6, 3]] -> 2 (label=2)
green -> [[52, 6, 0], [83, -60, 78], [69, -31, -15]] -> 1 (label=1)
blue -> [[59, 96, -60], [54, 0, 0], [31, 65, -92]] -> 2 (label=2)
orange -> [[60, 38, 61], [56, 87, -17], [58, -3, 15]] -> 0 (label=0)
purple -> [[50, 5, -11], [46, 29, -32], [44, 15, -43]] -> 1 (label=1)
blue -> [[56, -11, 10], [43, 25, -64], [69, -52, 53]] -> 1 (label=1)
yellow -> [[87, -18, 83], [80, -58, 16], [60, -7, 21]] -> 0 (label=0)
blue -> [[51, 77, -50], [54, 51, 54], [75, -37, -12]] -> 2 (label=2)
green -> [[53, 0, -1], [70, -60, 47], [44, 14, -36]] -> 1 (label=1)
gray -> [[45, 83, -80], [71, 22, 74], [49, 27, -22]] -> 2 (label=2)
blue -> [[83, -52, 1], [55, 47, 53], [71, 21, 72]] -> 0 (label=0)
pink -> [[52, 14, 15], [49, 6, -13], [50, 74, 18]] -> 2 (label=2)
beige -> [[66, -11, -46], [60, -3, 27], [55, -5, 1]] -> 1 (label=1)
green -> [[83, -53, 2], [57, -5, -43], [54, 84, -9]] -> 0 (label=0)
gray -> [[54, -4, 2], [69, 0, 58], [71, -56, 34]] -> 0 (label=0)
purple -> [[34, 58, -91], [41, 43, -83], [39, 38, -54]] -> 2 (label=2)
blue -> [[58, 5, -58], [73, -47, 9], [91, -54, 88]] -> 0 (label=0)
purple -> [[53, 0, -3], [46, 75, -65], [91, -27, 88]] -> 1 (label=1)
purple -> [[38, 34, -57], [42, 22, -55], [32, 65, -91]] -> 2 (label=0)
aqua -> [[51, 77, -36], [33, 52, -81], [71, -16, -43]] -> 2 (label=2)
gray -> [[52, 10, 11], [69, -51, 29], [52, 3, -3]] -> 2 (label=2)
gray -> [[49, 18, -17], [52, 4, 1], [83, -49, 78]] -> 1 (label=1)
green -> [[54, -1, 3], [84, -81, 75], [40, 26, -59]] -> 1 (label=1)
blue -> [[79, -26, 69], [53, 79, 50], [67, -24, -25]] -> 2 (label=2)
red -> [[58, -5, 15], [46, 47, 25], [45, 72, -62]] -> 1 (label=1)
blue -> [[34, 78, -102], [85, -82, 74], [75, -6, 69]] -> 0 (label=0)
mauve -> [[53, 2, 1], [46, 43, 16], [46, 13, -50]] -> 2 (label=0)
grass -> [[66, -34, 2], [50, 19, -2], [63, -45, 36]] -> 2 (label=2)
green -> [[65, -31, 39], [79, -73, 72], [53, 1, -2]] -> 1 (label=1)
gray -> [[54, 0, 0], [50, 19, -7], [52, 7, 6]] -> 2 (label=0)
gray -> [[53, 3, 5], [52, 82, -54], [56, -12, 7]] -> 0 (label=2)
red -> [[43, 64, -62], [48, 69, 49], [67, -51, 35]] -> 1 (label=1)
brown -> [[60, -27, 26], [60, 0, 28], [61, -9, 23]] -> 1 (label=1)
purple -> [[54, -1, 3], [46, 24, -29], [41, 23, -56]] -> 1 (label=1)
yellow -> [[80, -2, 78], [34, 47, -72], [50, 19, -2]] -> 0 (label=0)
gray -> [[53, 2, -1], [55, 6, 17], [51, 13, 0]] -> 0 (label=0)
lime -> [[74, -31, 61], [62, -9, 28], [39, 30, -62]] -> 0 (label=0)
green -> [[58, -22, 12], [74, -50, 12], [46, 58, 19]] -> 1 (label=1)
grass -> [[83, -39, 78], [67, -48, 46], [55, -6, -4]] -> 0 (label=1)
blue -> [[40, 32, -68], [43, 24, -37], [42, 82, -88]] -> 0 (label=0)
purple -> [[69, 6, 60], [54, -2, -3], [57, -17, 16]] -> 1 (label=1)
gray -> [[54, 0, 0], [58, 5, -58], [61, -29, 10]] -> 0 (label=0)
gray -> [[79, 1, 78], [56, -10, 9], [52, 4, 2]] -> 2 (label=2)
blue -> [[58, -20, 10], [55, 15, 29], [64, -16, -35]] -> 2 (label=2)
pink -> [[64, -24, -17], [53, 80, 67], [53, 81, 21]] -> 2 (label=2)
brown -> [[87, -5, 86], [55, 3, 16], [37, 59, -94]] -> 1 (label=1)
red -> [[48, 66, 27], [62, -7, 29], [50, 28, -13]] -> 0 (label=0)
green -> [[50, 14, 0], [68, -12, -46], [77, -73, 64]] -> 2 (label=2)
blue -> [[50, 21, -5], [39, 52, -90], [66, -22, 41]] -> 1 (label=1)
yellow -> [[87, -28, 83], [53, 2, 3], [72, -23, -35]] -> 0 (label=0)
pink -> [[47, 62, 26], [45, 15, -50], [53, 73, 63]] -> 2 (label=0)
green -> [[69, -26, 47], [57, 95, -65], [54, -6, -12]] -> 0 (label=0)
yellow -> [[87, -13, 84], [32, 72, -101], [53, 81, 13]] -> 0 (label=0)
blue -> [[73, -25, 57], [47, 55, -10], [31, 62, -90]] -> 2 (label=2)
purple -> [[50, 8, -13], [55, -6, -6], [45, 28, -32]] -> 2 (label=2)
red -> [[54, -5, 2], [49, 67, 51], [62, 35, 63]] -> 1 (label=1)
green -> [[56, 1, 13], [65, -42, 22], [49, 27, -9]] -> 1 (label=1)
purple -> [[36, 79, -99], [56, -1, -48], [57, -11, 14]] -> 0 (label=0)
brown -> [[40, 36, -52], [57, 10, 30], [71, -46, 11]] -> 1 (label=1)
green -> [[51, 20, -14], [36, 64, -78], [86, -68, 28]] -> 2 (label=2)
orange -> [[60, 0, 29], [75, 0, 72], [33, 50, -77]] -> 0 (label=1)
teal -> [[51, 16, 15], [64, -25, -9], [56, -8, -1]] -> 2 (label=1)
green -> [[68, -37, 3], [61, -21, -1], [61, -29, 30]] -> 2 (label=2)
gray -> [[65, 6, 51], [32, 71, -97], [52, 4, -7]] -> 2 (label=2)
red -> [[55, -8, 6], [53, 15, 21], [47, 61, 33]] -> 2 (label=2)
purple -> [[43, 18, -36], [53, 9, 12], [64, -11, 32]] -> 0 (label=0)
orange -> [[44, 60, -54], [54, 4, 9], [53, 30, 37]] -> 2 (label=2)
purple -> [[55, 85, 2], [78, -17, 67], [44, 43, -45]] -> 2 (label=2)
green -> [[78, -50, 69], [46, 39, 16], [54, 86, -42]] -> 0 (label=0)
pink -> [[50, 14, -14], [43, 51, -50], [49, 51, -28]] -> 2 (label=2)
purple -> [[52, 6, -2], [45, 17, -31], [47, 60, 4]] -> 1 (label=1)
purple -> [[32, 74, -103], [78, -68, 44], [32, 54, -81]] -> 0 (label=2)
gray -> [[86, -84, 81], [54, -3, 0], [55, -2, 6]] -> 1 (label=1)
green -> [[64, -20, 35], [64, -35, 12], [59, -16, -15]] -> 1 (label=1)
purple -> [[84, -47, -8], [69, -53, 52], [49, 55, -29]] -> 2 (label=2)
pink -> [[47, 62, 10], [45, 74, -65], [75, -35, -19]] -> 0 (label=0)
pink -> [[61, -13, -35], [49, 20, 6], [54, 84, -28]] -> 2 (label=2)
pink -> [[56, 93, -63], [43, 53, -52], [43, 82, -85]] -> 0 (label=0)
grape -> [[44, 43, -43], [74, -26, -32], [50, 24, -18]] -> 0 (label=2)
orange -> [[52, 4, 2], [35, 58, -91], [61, 26, 57]] -> 2 (label=2)
gray -> [[54, -6, -10], [45, 66, -57], [41, 23, -43]] -> 0 (label=0)
gold -> [[57, -2, 13], [31, 72, -99], [74, 13, 75]] -> 0 (label=2)
green -> [[68, -13, 43], [51, 18, -9], [34, 47, -73]] -> 0 (label=0)
red -> [[38, 81, -97], [46, 54, 29], [67, -13, 41]] -> 1 (label=1)
green -> [[80, -65, 73], [48, 69, 6], [73, -1, 65]] -> 0 (label=0)
gray -> [[55, -5, -3], [59, 3, -57], [47, 44, -36]] -> 0 (label=0)
gray -> [[88, -51, 84], [63, -43, 36], [60, -20, 0]] -> 2 (label=2)
green -> [[47, 8, -27], [55, 0, 6], [70, -24, 51]] -> 2 (label=2)
yellow -> [[45, 20, -31], [51, 77, 4], [78, -1, 76]] -> 2 (label=2)
orange -> [[80, -67, 39], [52, 47, 46], [49, 57, -35]] -> 1 (label=1)
pink -> [[57, 92, -57], [67, -26, -21], [88, -68, 26]] -> 0 (label=0)
purple -> [[70, -27, -25], [47, 39, 0], [50, 12, -15]] -> 2 (label=2)
blue -> [[57, -13, 4], [56, -8, -1], [59, -16, -13]] -> 2 (label=2)
green -> [[51, 7, -10], [33, 72, -97], [57, -21, 15]] -> 2 (label=2)
pink -> [[48, 65, -18], [55, 5, 14], [57, -22, 16]] -> 0 (label=0)
pink -> [[54, 20, 30], [49, 63, -30], [54, 0, 0]] -> 1 (label=1)
teal -> [[56, -7, -36], [47, 17, -24], [64, -24, -14]] -> 1 (label=2)
blue -> [[42, 32, -71], [55, 87, -52], [69, 8, 62]] -> 0 (label=0)
pink -> [[59, 96, -60], [41, 76, -80], [78, -51, 70]] -> 0 (label=0)
bright -> [[50, 27, -12], [53, 0, -1], [51, 78, -21]] -> 2 (label=2)
sky -> [[54, -3, -4], [46, 51, 24], [33, 75, -105]] -> 2 (label=2)
blue -> [[51, 8, -53], [70, -51, 55], [48, 70, 39]] -> 0 (label=0)
purple -> [[52, 4, -5], [69, -44, 51], [55, 5, 15]] -> 0 (label=0)
purple -> [[48, 26, 4], [46, 57, 27], [57, 22, 41]] -> 0 (label=0)
pink -> [[48, 54, -15], [52, 14, -10], [46, 18, -27]] -> 0 (label=0)
purple -> [[49, 41, -18], [65, -31, 0], [47, 81, -71]] -> 2 (label=2)
gray -> [[80, -52, 73], [72, -21, -38], [51, 10, 3]] -> 2 (label=2)
lime -> [[63, 11, 51], [88, -44, 84], [49, 5, -22]] -> 1 (label=1)
gray -> [[47, 41, -35], [57, -13, 3], [65, -29, -3]] -> 1 (label=1)
red -> [[65, -8, -49], [54, -1, 3], [51, 75, 61]] -> 2 (label=2)
pink -> [[56, 9, -61], [51, 18, -8], [47, 58, 12]] -> 2 (label=2)
yellow -> [[54, 0, 0], [88, -61, 12], [89, -52, 85]] -> 2 (label=2)
pink -> [[53, 83, -38], [52, 1, -42], [46, 21, -29]] -> 0 (label=0)
yellow -> [[70, -11, 52], [31, 66, -93], [48, 6, -22]] -> 0 (label=0)
purple -> [[56, 11, 26], [51, 86, -64], [41, 24, -55]] -> 1 (label=1)
blue -> [[53, -4, -12], [44, 26, -35], [45, 19, -60]] -> 2 (label=2)
pink -> [[57, -6, -39], [73, -56, 27], [59, 95, -56]] -> 2 (label=2)
red -> [[83, -80, 69], [47, 12, -21], [47, 60, 24]] -> 2 (label=2)
mauve -> [[48, 37, -3], [50, 15, 1], [48, 15, -21]] -> 0 (label=0)
yellow -> [[78, -5, 74], [54, 0, 2], [47, 62, 43]] -> 0 (label=0)
purple -> [[59, -27, 17], [52, 11, -4], [48, 24, -24]] -> 2 (label=2)
purple -> [[50, 25, -18], [51, 77, -29], [68, -29, -16]] -> 0 (label=0)
purple -> [[68, -22, -31], [62, 51, 70], [39, 32, -51]] -> 2 (label=2)
green -> [[50, 13, 5], [68, 11, 63], [68, -48, 24]] -> 2 (label=2)
green -> [[47, 32, 13], [52, 4, -5], [82, -73, 49]] -> 2 (label=2)
green -> [[48, 66, 27], [68, -37, 48], [46, 40, -37]] -> 1 (label=1)
olive -> [[70, -39, 2], [57, -20, 17], [60, -21, -2]] -> 2 (label=1)
pink -> [[48, 25, 6], [48, 51, -23], [49, 29, -13]] -> 1 (label=1)
blue -> [[53, 16, -66], [78, -49, 71], [53, 82, -3]] -> 0 (label=0)
red -> [[85, -45, -13], [37, 71, -83], [48, 65, 9]] -> 2 (label=2)
yellow -> [[49, 86, -75], [84, -29, 78], [52, 7, 0]] -> 1 (label=1)
yellow -> [[50, 73, 58], [50, 12, -58], [74, -27, 60]] -> 2 (label=2)
gray -> [[51, 3, -7], [49, 26, -20], [49, 4, -20]] -> 0 (label=0)
yellow -> [[56, 0, 14], [83, -76, 78], [84, -25, 78]] -> 2 (label=2)
green -> [[52, 2, -45], [62, -21, 30], [50, 78, -56]] -> 1 (label=1)
orange -> [[55, 38, 48], [49, 59, -40], [65, -28, -7]] -> 0 (label=0)
orange -> [[57, 0, 17], [34, 52, -76], [53, 52, 53]] -> 2 (label=2)
blue -> [[60, -31, 20], [45, 84, -82], [36, 79, -100]] -> 2 (label=2)
green -> [[67, 12, 60], [75, -31, 64], [49, 69, -29]] -> 1 (label=1)
blue -> [[46, 12, -46], [56, -9, -4], [45, 12, -28]] -> 0 (label=0)
blue -> [[32, 69, -94], [48, 70, 24], [73, -60, 37]] -> 0 (label=0)
gray -> [[55, 2, 13], [54, 0, 0], [48, 44, -20]] -> 1 (label=1)
green -> [[83, -72, 78], [46, 48, 29], [32, 68, -97]] -> 0 (label=0)
purple -> [[70, -55, 33], [50, 21, -7], [79, -44, -8]] -> 1 (label=1)
gray -> [[78, -74, 63], [51, 10, -2], [49, 72, 32]] -> 1 (label=1)
purple -> [[49, 51, -30], [51, 0, -13], [35, 51, -84]] -> 0 (label=0)
blue -> [[52, 19, 20], [85, -24, 79], [39, 28, -51]] -> 2 (label=2)
red -> [[49, 55, 42], [83, -68, 79], [59, -5, 18]] -> 0 (label=0)
red -> [[36, 71, -86], [48, 67, 42], [58, -15, 0]] -> 1 (label=1)
purple -> [[89, -63, 14], [50, 87, -72], [41, 34, -72]] -> 1 (label=1)
olive -> [[72, -45, 57], [48, 50, -21], [62, -25, 31]] -> 1 (label=2)
blue -> [[85, -83, 81], [37, 67, -80], [47, 62, 11]] -> 1 (label=1)
green -> [[57, -16, 6], [60, -20, -1], [62, -38, 34]] -> 2 (label=2)
purple -> [[59, -26, 14], [53, 86, -57], [35, 45, -75]] -> 1 (label=1)
pink -> [[44, 17, -32], [55, 90, -59], [46, 45, 16]] -> 1 (label=1)
orange -> [[49, 24, -22], [56, 38, 52], [86, -7, 85]] -> 1 (label=1)
red -> [[46, 57, 33], [48, 67, 9], [49, 35, 27]] -> 0 (label=0)
red -> [[36, 59, -75], [47, 41, 10], [51, 5, -9]] -> 1 (label=1)
orange -> [[69, 16, 68], [80, -75, 75], [47, 39, 9]] -> 0 (label=0)
yellow -> [[94, -23, 91], [87, -60, 82], [76, -33, 65]] -> 0 (label=0)
blue -> [[61, -20, -8], [52, 9, -5], [36, 37, -65]] -> 2 (label=2)
green -> [[61, -33, 22], [54, 16, 26], [46, 15, -27]] -> 0 (label=0)
blue -> [[53, 81, -11], [83, -39, -20], [86, -82, 72]] -> 1 (label=1)
pink -> [[51, 18, -10], [48, 62, -20], [50, 32, -22]] -> 1 (label=1)
tan -> [[58, -21, 19], [61, -4, 28], [52, 80, -49]] -> 1 (label=1)
brown -> [[66, 5, 54], [55, 75, 67], [51, 17, -13]] -> 0 (label=0)
red -> [[54, 59, 59], [54, 0, 0], [47, 53, -41]] -> 0 (label=0)
purple -> [[39, 60, -97], [45, 13, -37], [42, 26, -40]] -> 2 (label=2)
purple -> [[39, 36, -54], [53, 81, -3], [70, -41, 2]] -> 0 (label=0)
yellow -> [[89, -21, 86], [45, 28, -71], [64, 51, 72]] -> 0 (label=0)
pink -> [[53, -1, -1], [49, 11, -15], [48, 50, -19]] -> 2 (label=2)
blue -> [[37, 53, -68], [49, 53, -35], [57, -15, 14]] -> 0 (label=0)
purple -> [[51, 9, 3], [55, 71, 67], [47, 70, -54]] -> 2 (label=2)
purple -> [[54, 10, 17], [48, 66, -1], [50, 36, -24]] -> 2 (label=2)
purple -> [[51, 22, -70], [49, 42, -27], [63, -7, 33]] -> 1 (label=1)
brown -> [[48, 49, -37], [56, 1, 12], [70, -31, -16]] -> 1 (label=1)
gray -> [[49, 5, -16], [54, 0, 0], [51, -1, -24]] -> 1 (label=1)
blue -> [[47, 31, -77], [57, -11, -2], [48, 55, -18]] -> 0 (label=0)
blue -> [[32, 79, -107], [86, -70, 33], [53, 2, 1]] -> 0 (label=0)
blue -> [[86, -7, 85], [71, -18, -41], [55, 5, 15]] -> 1 (label=1)
green -> [[50, 69, -39], [72, -54, 25], [69, 8, 62]] -> 1 (label=1)
gray -> [[70, -17, 49], [60, -13, 21], [71, -35, 55]] -> 1 (label=1)
purple -> [[52, 79, 51], [37, 49, -84], [35, 71, -90]] -> 2 (label=2)
gray -> [[63, -11, 29], [54, 0, 0], [53, 82, -46]] -> 1 (label=1)
yellow -> [[78, -15, 69], [56, -13, 7], [41, 30, -45]] -> 0 (label=0)
purple -> [[45, 13, -37], [85, -61, 81], [60, -15, 21]] -> 0 (label=0)
red -> [[80, -52, 73], [46, 58, 25], [57, -13, 4]] -> 1 (label=1)
red -> [[52, 78, 45], [48, 10, -48], [55, -6, -1]] -> 0 (label=0)
purple -> [[61, -20, -6], [53, 82, -39], [48, 63, -46]] -> 2 (label=2)
gray -> [[76, -62, 68], [49, 71, 36], [52, 7, 0]] -> 2 (label=2)
gray -> [[56, -12, 8], [53, 1, 1], [58, -8, 14]] -> 1 (label=1)
orange -> [[61, 41, 64], [50, 89, -76], [86, -75, 47]] -> 0 (label=0)
grass -> [[69, -31, -11], [52, 7, -3], [64, -28, 37]] -> 0 (label=2)
yellow -> [[90, -67, 86], [51, 9, 1], [70, -33, 53]] -> 0 (label=0)
orange -> [[72, 9, 70], [74, -64, 63], [52, 2, -6]] -> 0 (label=0)
blue -> [[47, 24, -69], [63, -26, -3], [49, 70, -4]] -> 0 (label=0)
yellow -> [[90, -59, 86], [79, -75, 73], [58, -15, 18]] -> 0 (label=0)
teal -> [[64, -41, 23], [88, -71, 32], [56, -2, 8]] -> 2 (label=1)
gray -> [[48, 6, -26], [67, -47, 26], [60, -11, 21]] -> 0 (label=2)
blue -> [[61, -24, 28], [51, 66, 57], [50, 13, -58]] -> 2 (label=2)
pink -> [[54, 0, 0], [59, 6, 31], [51, 13, 10]] -> 2 (label=2)
purple -> [[43, 27, -38], [39, 34, -69], [49, 7, -45]] -> 0 (label=0)
gray -> [[53, 31, 37], [56, -2, 8], [49, 70, 7]] -> 1 (label=1)
purple -> [[51, 17, -10], [69, -49, 23], [42, 20, -50]] -> 0 (label=0)
gray -> [[55, -6, -4], [59, -23, 8], [59, -15, 20]] -> 0 (label=0)
blue -> [[87, -45, 83], [52, -2, -36], [47, 71, -56]] -> 1 (label=1)
pink -> [[86, -5, 85], [49, 71, -22], [80, -55, 73]] -> 1 (label=1)
purple -> [[50, 33, -21], [66, -24, 41], [52, 7, -6]] -> 0 (label=0)
orange -> [[81, -66, 32], [52, 43, 43], [51, 16, -6]] -> 1 (label=1)
purple -> [[49, 16, -18], [54, -1, 0], [51, 11, -3]] -> 0 (label=0)
gray -> [[42, 45, -86], [35, 45, -77], [51, -1, -19]] -> 2 (label=2)
pink -> [[52, 78, -37], [73, -1, 65], [52, 6, 1]] -> 0 (label=0)
green -> [[53, 3, -2], [82, -80, 74], [40, 37, -52]] -> 1 (label=1)
purple -> [[48, 64, -18], [44, 56, -51], [58, -19, 9]] -> 1 (label=1)
purple -> [[50, 68, -38], [71, -36, -6], [62, -11, -42]] -> 0 (label=0)
magenta -> [[49, 37, -17], [52, 79, -45], [44, 76, -70]] -> 2 (label=1)
pink -> [[60, -31, 20], [90, -63, 86], [55, 87, -36]] -> 2 (label=2)
blue -> [[63, -3, -52], [50, 74, 56], [43, 67, -62]] -> 0 (label=0)
purple -> [[53, 79, 62], [85, -7, 84], [40, 26, -47]] -> 2 (label=2)
green -> [[61, -36, 26], [68, 34, 73], [81, -20, 73]] -> 0 (label=0)
pink -> [[52, 5, -1], [40, 48, -57], [48, 48, -17]] -> 2 (label=2)
tan -> [[51, 78, 22], [76, -28, 64], [61, -6, 28]] -> 0 (label=2)
blue -> [[39, 28, -51], [53, 17, 22], [46, 29, -31]] -> 0 (label=0)
purple -> [[43, 53, -54], [51, 5, -7], [47, 37, 21]] -> 0 (label=0)
red -> [[56, -17, 13], [74, -68, 58], [47, 44, 4]] -> 2 (label=2)
red -> [[52, 6, -51], [54, 0, 0], [53, 67, 60]] -> 2 (label=2)
green -> [[74, -36, 62], [51, 78, -50], [72, -56, 30]] -> 2 (label=2)
yellow -> [[49, 18, -17], [80, -31, 73], [74, -68, 60]] -> 1 (label=1)
blue -> [[51, -1, -20], [42, 45, -51], [59, -6, 19]] -> 1 (label=0)
red -> [[49, 57, 45], [48, 67, 23], [54, 0, 0]] -> 0 (label=1)
blue -> [[57, -10, -5], [49, 11, -55], [46, 62, -52]] -> 1 (label=1)
blue -> [[37, 77, -94], [45, 79, -73], [31, 63, -90]] -> 2 (label=2)
yellow -> [[64, 5, 49], [47, 72, -56], [59, -5, 20]] -> 0 (label=0)
red -> [[49, 71, 54], [57, -12, 0], [76, -42, 66]] -> 0 (label=0)
blue -> [[58, 39, 58], [45, 25, -67], [54, 0, 0]] -> 1 (label=1)
fuchsia -> [[65, -9, 35], [54, 85, -26], [47, 56, 8]] -> 0 (label=1)
blue -> [[52, 6, -6], [47, 15, -56], [67, -29, 44]] -> 1 (label=1)
green -> [[51, 15, -8], [79, -71, 51], [67, 4, 55]] -> 1 (label=1)
purple -> [[49, 40, -25], [57, -18, 15], [58, 17, 39]] -> 0 (label=0)
green -> [[49, 67, -15], [73, 7, 71], [76, -72, 67]] -> 2 (label=2)
blue -> [[66, -32, -3], [68, -53, 36], [56, -14, 13]] -> 0 (label=0)
purple -> [[54, 0, 0], [49, 83, -66], [92, -13, 91]] -> 1 (label=1)
purple -> [[69, 12, 66], [40, 82, -93], [62, -40, 31]] -> 1 (label=1)
gray -> [[49, 7, -48], [52, 7, -5], [37, 51, -67]] -> 1 (label=1)
green -> [[40, 38, -53], [72, -55, 60], [47, 33, 14]] -> 1 (label=1)
brown -> [[55, 2, 11], [83, -37, 78], [56, -13, 7]] -> 0 (label=0)
purple -> [[44, 24, -64], [91, -42, 88], [37, 73, -88]] -> 2 (label=2)
purple -> [[50, 20, -7], [43, 22, -38], [52, 7, -7]] -> 0 (label=1)
blue -> [[74, 22, 78], [78, -16, 66], [57, -11, -1]] -> 2 (label=2)
gray -> [[55, -6, 6], [36, 45, -66], [80, -73, 56]] -> 0 (label=0)
beige -> [[54, 0, 0], [56, 9, 25], [77, -72, 69]] -> 1 (label=1)
purple -> [[37, 36, -66], [43, 32, -72], [42, 80, -84]] -> 2 (label=2)
green -> [[47, 16, -58], [52, 7, -4], [85, -81, 69]] -> 2 (label=2)
yellow -> [[47, 12, -23], [34, 56, -78], [80, -31, 73]] -> 2 (label=2)
yellow -> [[91, -48, 87], [40, 60, -66], [54, -6, 5]] -> 0 (label=0)
green -> [[84, -64, 79], [68, -17, -39], [55, -5, -2]] -> 0 (label=0)
pink -> [[47, 33, 18], [79, -64, 73], [47, 40, -3]] -> 2 (label=2)
pink -> [[39, 36, -70], [63, -22, -11], [48, 28, 8]] -> 2 (label=2)
blue -> [[51, 16, -8], [70, -18, 49], [58, -15, -3]] -> 2 (label=2)
gray -> [[54, 0, 1], [55, 6, 16], [55, -6, -1]] -> 0 (label=2)
gray -> [[55, -3, 7], [48, 29, 4], [47, 57, -44]] -> 0 (label=0)
purple -> [[47, 46, 29], [44, 49, -48], [76, -26, -34]] -> 1 (label=1)
brown -> [[63, -22, 33], [65, -42, 22], [51, 76, -40]] -> 0 (label=0)
brown -> [[49, 73, -1], [64, -6, 38], [73, -59, 33]] -> 1 (label=1)
green -> [[52, 0, -5], [63, -31, 34], [48, 32, -2]] -> 1 (label=1)
gray -> [[55, -6, 6], [49, 34, -10], [70, -41, 2]] -> 0 (label=0)
green -> [[33, 75, -100], [49, 57, -33], [69, -60, 51]] -> 2 (label=2)
purple -> [[39, 27, -54], [49, 5, -36], [45, 19, -29]] -> 2 (label=2)
brown -> [[53, 15, 19], [46, 39, -36], [89, -54, 85]] -> 0 (label=0)
orange -> [[52, 80, -9], [60, 25, 52], [54, 0, 0]] -> 1 (label=1)
blue -> [[69, -32, -10], [50, 21, -16], [68, -16, 45]] -> 0 (label=0)
gray -> [[66, -15, -39], [72, -57, 31], [61, -5, 28]] -> 2 (label=2)
yellow -> [[43, 39, -46], [50, 14, 1], [80, -7, 77]] -> 2 (label=2)
gray -> [[52, 5, -5], [64, 17, 57], [53, -1, -9]] -> 0 (label=0)
teal -> [[91, -25, 88], [36, 63, -78], [87, -45, -15]] -> 2 (label=2)
purple -> [[50, 34, -22], [54, -1, 3], [35, 59, -91]] -> 0 (label=0)
olive -> [[58, -6, 15], [54, 0, 5], [74, -68, 61]] -> 0 (label=0)
teal -> [[49, 11, -17], [56, -14, 6], [72, 16, 73]] -> 1 (label=1)
yellow -> [[55, 87, -21], [89, -34, 85], [67, 34, 71]] -> 1 (label=1)
violet -> [[53, 6, 10], [59, -20, 2], [56, 90, -50]] -> 0 (label=2)
purple -> [[48, 66, 5], [47, 64, 30], [47, 40, -3]] -> 2 (label=2)
pink -> [[50, 73, -33], [44, 17, -31], [83, -54, 6]] -> 0 (label=0)
green -> [[56, 1, 14], [54, -3, 0], [57, -15, 14]] -> 2 (label=2)
blue -> [[62, -7, 27], [71, -44, 8], [36, 67, -83]] -> 2 (label=2)
red -> [[51, -1, -28], [62, -7, 28], [53, 79, 64]] -> 2 (label=2)
blue -> [[42, 21, -50], [52, 90, -71], [75, -69, 57]] -> 0 (label=0)
yellow -> [[57, -16, 7], [65, -3, 42], [48, 37, -30]] -> 1 (label=1)
red -> [[39, 27, -51], [78, -36, 69], [46, 59, 36]] -> 2 (label=2)
green -> [[65, -17, 36], [61, -21, -2], [53, 36, 39]] -> 0 (label=0)
blue -> [[42, 51, -53], [46, 56, -46], [34, 65, -87]] -> 2 (label=2)
pink -> [[54, 86, -34], [49, 51, -32], [58, -20, 6]] -> 0 (label=0)
green -> [[64, -38, 37], [41, 62, -65], [60, -18, -11]] -> 0 (label=0)
pink -> [[49, 67, 51], [57, 91, -46], [48, 36, -30]] -> 1 (label=1)
purple -> [[55, -5, -2], [57, -10, 14], [57, -4, 12]] -> 0 (label=0)
orange -> [[60, 19, 48], [49, 10, -15], [68, -41, 10]] -> 0 (label=0)
orange -> [[54, 52, 55], [51, 23, -72], [87, -73, 39]] -> 0 (label=0)
yellow -> [[52, 5, 2], [81, -45, 75], [90, -46, 86]] -> 2 (label=2)
purple -> [[74, -53, 63], [48, 22, -23], [60, -21, 1]] -> 1 (label=1)
blue -> [[67, -26, 43], [67, -24, -25], [54, 0, 0]] -> 1 (label=1)
pink -> [[53, 82, 4], [66, -16, -38], [50, 67, -34]] -> 0 (label=0)
sage -> [[77, -54, 69], [68, -44, 50], [84, -81, 79]] -> 1 (label=1)
blue -> [[61, -6, 25], [76, -31, -26], [51, 19, -12]] -> 1 (label=1)
brown -> [[51, 16, 15], [87, -25, 83], [49, 33, -18]] -> 0 (label=0)
gray -> [[51, 11, -11], [54, 0, 5], [49, 71, 55]] -> 1 (label=1)
sky -> [[61, -33, 22], [58, -14, -16], [50, 11, -14]] -> 1 (label=1)
orange -> [[60, -7, 22], [62, 15, 49], [49, 73, 26]] -> 1 (label=1)
purple -> [[44, 74, -67], [49, 50, -24], [54, 85, -26]] -> 0 (label=0)
blue -> [[72, -53, 21], [47, 64, 28], [69, -40, 51]] -> 0 (label=0)
tan -> [[52, 80, -21], [87, -78, 83], [56, 5, 22]] -> 1 (label=2)
gray -> [[63, 52, 71], [55, -7, 2], [49, 73, 9]] -> 1 (label=1)
blue -> [[42, 20, -47], [45, 27, -33], [92, -24, 89]] -> 0 (label=0)
blue -> [[41, 46, -86], [52, 4, -5], [92, -25, 88]] -> 0 (label=0)
gray -> [[85, -63, 18], [59, -24, 10], [56, -13, 7]] -> 2 (label=2)
purple -> [[48, 39, -31], [45, 12, -36], [54, -4, -6]] -> 0 (label=0)
red -> [[49, 35, -17], [47, 39, 23], [55, -8, 6]] -> 1 (label=1)
gray -> [[59, -15, -8], [53, 0, -3], [70, -25, 51]] -> 1 (label=1)
lime -> [[55, 10, 22], [51, 16, -8], [87, -77, 82]] -> 2 (label=2)
brown -> [[69, -35, -5], [55, 5, 16], [52, 76, 63]] -> 1 (label=1)
purple -> [[36, 41, -65], [61, 15, 49], [46, 76, -64]] -> 2 (label=2)
gold -> [[62, -24, -3], [61, 11, 43], [37, 48, -67]] -> 0 (label=1)
red -> [[83, -11, 80], [34, 79, -102], [52, 79, 6]] -> 2 (label=2)
orange -> [[69, 28, 72], [52, 79, -30], [93, -29, 90]] -> 0 (label=0)
pink -> [[49, 49, -30], [43, 60, -57], [52, 79, -31]] -> 2 (label=2)
blue -> [[58, -5, 15], [47, 12, -50], [55, 19, 31]] -> 1 (label=1)
green -> [[59, -6, 19], [41, 28, -63], [69, -58, 48]] -> 2 (label=2)
yellow -> [[73, -63, 46], [79, -29, 71], [66, -27, 41]] -> 1 (label=1)
green -> [[37, 62, -76], [77, 19, 80], [76, -61, 30]] -> 2 (label=2)
green -> [[51, 74, -42], [64, -23, -20], [82, -63, 77]] -> 2 (label=2)
purple -> [[42, 67, -68], [49, 39, -17], [50, 74, -29]] -> 0 (label=0)
orange -> [[57, 26, 44], [67, -19, 42], [81, -52, 4]] -> 0 (label=0)
purple -> [[50, 18, -15], [52, 25, 27], [55, -4, 5]] -> 0 (label=0)
gray -> [[55, -3, 6], [52, 0, -9], [53, 3, -1]] -> 2 (label=2)
green -> [[67, -53, 48], [42, 41, -49], [81, -56, 10]] -> 0 (label=0)
blue -> [[85, -72, 80], [47, 35, 4], [44, 26, -67]] -> 2 (label=2)
purple -> [[43, 50, -52], [46, 56, 26], [84, -45, -12]] -> 0 (label=0)
magenta -> [[67, -55, 47], [63, 30, 62], [57, 91, -44]] -> 2 (label=2)
red -> [[74, -41, 62], [80, -39, -18], [50, 62, 51]] -> 2 (label=2)
orange -> [[61, -20, -7], [69, -38, 51], [57, 30, 49]] -> 2 (label=2)
blue -> [[54, -1, 1], [55, -8, 6], [56, -10, -11]] -> 2 (label=2)
pink -> [[55, 87, -46], [51, 0, -26], [68, -37, 2]] -> 0 (label=0)
green -> [[61, -5, 26], [51, 75, -47], [68, -37, 2]] -> 2 (label=2)
purple -> [[55, 15, 28], [45, 85, -84], [70, 3, 62]] -> 1 (label=1)
purple -> [[74, -39, -7], [34, 62, -94], [46, 81, -74]] -> 2 (label=2)
red -> [[56, -15, 8], [58, 92, -38], [47, 64, 37]] -> 2 (label=2)
yellow -> [[72, -24, 55], [81, -41, -14], [50, 34, -22]] -> 0 (label=0)
pink -> [[61, -32, 29], [53, -5, -13], [51, 78, 13]] -> 2 (label=2)
